"Trial","Arena","Genotype","Plant","Leaf","AnalysisGroup"
"Trial     2",0,"14",1,"Undefined","14"
"Trial    29",12,"14",2,"Undefined","14"
"Trial    50",5,"14",3,"Undefined","14"
"Trial    57",2,"14",4,"Undefined","14"
"Trial    78",7,"14",5,"Undefined","14"
"Trial    98",18,"14",6,"Undefined","14"
"Trial     2",9,"76",1,"Undefined","76"
"Trial    24",15,"76",2,"Undefined","76"
"Trial    40",12,"76",3,"Undefined","76"
"Trial    68",8,"76",4,"Undefined","76"
"Trial    82",5,"76",5,"Undefined","76"
"Trial   103",2,"76",6,"Undefined","76"
"Trial     2",10,"138",1,"Undefined","138"
"Trial     2",14,"138",1,"Undefined","138"
"Trial    26",14,"138",2,"Undefined","138"
"Trial    38",5,"138",3,"Undefined","138"
"Trial    59",3,"138",4,"Undefined","138"
"Trial    88",13,"138",5,"Undefined","138"
"Trial   105",3,"138",6,"Undefined","138"
"Trial     2",11,"93",1,"Undefined","93"
"Trial    33",2,"93",2,"Undefined","93"
"Trial    36",17,"93",2,"Undefined","93"
"Trial    39",0,"93",3,"Undefined","93"
"Trial    64",9,"93",4,"Undefined","93"
"Trial    83",19,"93",5,"Undefined","93"
"Trial    91",17,"93",6,"Undefined","93"
"Trial     2",12,"210",1,"Undefined","210"
"Trial    19",11,"210",2,"Undefined","210"
"Trial    41",8,"210",3,"Undefined","210"
"Trial    80",8,"210",5,"Undefined","210"
"Trial    89",19,"210",5,"Undefined","210"
"Trial    92",2,"210",6,"Undefined","210"
"Trial     2",13,"31",1,"Undefined","31"
"Trial    35",17,"31",2,"Undefined","31"
"Trial    49",12,"31",3,"Undefined","31"
"Trial    63",18,"31",4,"Undefined","31"
"Trial    77",15,"31",5,"Undefined","31"
"Trial   104",6,"31",6,"Undefined","31"
"Trial     2",15,"318",1,"Undefined","318"
"Trial    28",1,"318",2,"Undefined","318"
"Trial    54",6,"318",3,"Undefined","318"
"Trial    67",19,"318",4,"Undefined","318"
"Trial    88",18,"318",5,"Undefined","318"
"Trial    98",7,"318",6,"Undefined","318"
"Trial     2",16,"195",1,"Undefined","195"
"Trial    36",5,"195",2,"Undefined","195"
"Trial    52",19,"195",3,"Undefined","195"
"Trial    62",6,"195",4,"Undefined","195"
"Trial    86",11,"195",5,"Undefined","195"
"Trial    95",3,"195",6,"Undefined","195"
"Trial     2",17,"155",1,"Undefined","155"
"Trial    20",18,"155",2,"Undefined","155"
"Trial    38",11,"155",3,"Undefined","155"
"Trial    56",7,"155",4,"Undefined","155"
"Trial    74",16,"155",5,"Undefined","155"
"Trial    93",13,"155",6,"Undefined","155"
"Trial     2",18,"24",1,"Undefined","24"
"Trial    27",14,"24",2,"Undefined","24"
"Trial    47",13,"24",3,"Undefined","24"
"Trial    69",1,"24",4,"Undefined","24"
"Trial    84",14,"24",5,"Undefined","24"
"Trial   100",5,"24",6,"Undefined","24"
"Trial     2",1,"154",1,"Undefined","154"
"Trial    22",7,"154",2,"Undefined","154"
"Trial    51",7,"154",3,"Undefined","154"
"Trial    71",9,"154",4,"Undefined","154"
"Trial    79",1,"154",5,"Undefined","154"
"Trial    95",7,"154",6,"Undefined","154"
"Trial     2",19,"301",1,"Undefined","301"
"Trial     3",2,"301",1,"Undefined","301"
"Trial    32",10,"301",2,"Undefined","301"
"Trial    42",8,"301",3,"Undefined","301"
"Trial    66",18,"301",4,"Undefined","301"
"Trial    84",18,"301",5,"Undefined","301"
"Trial    86",1,"301",5,"Undefined","301"
"Trial   104",19,"301",6,"Undefined","301"
"Trial   104",7,"301",6,"Undefined","301"
"Trial     2",2,"33",1,"Undefined","33"
"Trial    29",15,"33",2,"Undefined","33"
"Trial    37",12,"33",3,"Undefined","33"
"Trial    58",7,"33",4,"Undefined","33"
"Trial    85",13,"33",5,"Undefined","33"
"Trial    97",3,"33",6,"Undefined","33"
"Trial     2",3,"296",1,"Undefined","296"
"Trial    34",3,"296",2,"Undefined","296"
"Trial    53",8,"296",3,"Undefined","296"
"Trial    56",8,"296",4,"Undefined","296"
"Trial    75",18,"296",5,"Undefined","296"
"Trial    93",16,"296",6,"Undefined","296"
"Trial     2",4,"123",1,"Undefined","123"
"Trial    31",17,"123",2,"Undefined","123"
"Trial    46",1,"123",3,"Undefined","123"
"Trial    65",14,"123",4,"Undefined","123"
"Trial    73",12,"123",5,"Undefined","123"
"Trial    95",2,"123",6,"Undefined","123"
"Trial     2",5,"16",1,"Undefined","16"
"Trial    25",14,"16",2,"Undefined","16"
"Trial    25",4,"16",2,"Undefined","16"
"Trial    70",5,"16",4,"Undefined","16"
"Trial    76",14,"16",5,"Undefined","16"
"Trial    76",18,"16",5,"Undefined","16"
"Trial   100",19,"16",6,"Undefined","16"
"Trial     2",6,"246",1,"Undefined","246"
"Trial    30",18,"246",2,"Undefined","246"
"Trial    37",7,"246",3,"Undefined","246"
"Trial    64",10,"246",4,"Undefined","246"
"Trial    81",9,"246",5,"Undefined","246"
"Trial    93",3,"246",6,"Undefined","246"
"Trial    93",7,"246",6,"Undefined","246"
"Trial     2",7,"292",1,"Undefined","292"
"Trial    21",7,"292",2,"Undefined","292"
"Trial    47",17,"292",3,"Undefined","292"
"Trial    60",3,"292",4,"Undefined","292"
"Trial    89",16,"292",5,"Undefined","292"
"Trial    94",0,"292",6,"Undefined","292"
"Trial    96",13,"292",6,"Undefined","292"
"Trial     2",8,"46",1,"Undefined","46"
"Trial    23",1,"46",2,"Undefined","46"
"Trial    45",4,"46",3,"Undefined","46"
"Trial    45",6,"46",3,"Undefined","46"
"Trial    72",0,"46",4,"Undefined","46"
"Trial    87",6,"46",5,"Undefined","46"
"Trial    97",10,"46",6,"Undefined","46"
"Trial     3",0,"38",1,"Undefined","38"
"Trial     8",15,"38",1,"Undefined","38"
"Trial    24",11,"38",2,"Undefined","38"
"Trial    54",0,"38",3,"Undefined","38"
"Trial    62",7,"38",4,"Undefined","38"
"Trial    85",1,"38",5,"Undefined","38"
"Trial    92",15,"38",6,"Undefined","38"
"Trial     3",9,"181",1,"Undefined","181"
"Trial    29",17,"181",2,"Undefined","181"
"Trial    38",3,"181",3,"Undefined","181"
"Trial    69",5,"181",4,"Undefined","181"
"Trial    79",8,"181",5,"Undefined","181"
"Trial    99",3,"181",6,"Undefined","181"
"Trial     3",10,"258",1,"Undefined","258"
"Trial    22",5,"258",2,"Undefined","258"
"Trial    64",19,"258",4,"Undefined","258"
"Trial    90",5,"258",5,"Undefined","258"
"Trial   101",16,"258",6,"Undefined","258"
"Trial     3",11,"351",1,"Undefined","351"
"Trial    21",5,"351",2,"Undefined","351"
"Trial    39",8,"351",3,"Undefined","351"
"Trial    57",16,"351",4,"Undefined","351"
"Trial    75",8,"351",5,"Undefined","351"
"Trial   108",8,"351",6,"Undefined","351"
"Trial     3",12,"285",1,"Undefined","285"
"Trial    27",6,"285",2,"Undefined","285"
"Trial    47",19,"285",3,"Undefined","285"
"Trial    57",14,"285",4,"Undefined","285"
"Trial    80",12,"285",5,"Undefined","285"
"Trial    97",9,"285",6,"Undefined","285"
"Trial     3",13,"257",1,"Undefined","257"
"Trial    25",5,"257",2,"Undefined","257"
"Trial    51",12,"257",3,"Undefined","257"
"Trial    58",2,"257",4,"Undefined","257"
"Trial    73",9,"257",5,"Undefined","257"
"Trial    95",11,"257",6,"Undefined","257"
"Trial     3",14,"269",1,"Undefined","269"
"Trial    28",0,"269",2,"Undefined","269"
"Trial    39",18,"269",3,"Undefined","269"
"Trial    61",10,"269",4,"Undefined","269"
"Trial    61",13,"269",4,"Undefined","269"
"Trial    81",10,"269",5,"Undefined","269"
"Trial    91",10,"269",6,"Undefined","269"
"Trial     3",15,"61",1,"Undefined","61"
"Trial    29",10,"61",2,"Undefined","61"
"Trial    53",4,"61",3,"Undefined","61"
"Trial    68",14,"61",4,"Undefined","61"
"Trial    76",2,"61",5,"Undefined","61"
"Trial   104",14,"61",6,"Undefined","61"
"Trial     3",16,"94",1,"Undefined","94"
"Trial    26",11,"94",2,"Undefined","94"
"Trial    42",0,"94",3,"Undefined","94"
"Trial    67",3,"94",4,"Undefined","94"
"Trial    83",5,"94",5,"Undefined","94"
"Trial   102",1,"94",6,"Undefined","94"
"Trial     3",17,"1",1,"Undefined","1"
"Trial    31",10,"1",2,"Undefined","1"
"Trial    52",0,"1",3,"Undefined","1"
"Trial    72",10,"1",4,"Undefined","1"
"Trial    84",4,"1",5,"Undefined","1"
"Trial    96",10,"1",6,"Undefined","1"
"Trial     3",18,"293",1,"Undefined","293"
"Trial    19",4,"293",2,"Undefined","293"
"Trial    44",11,"293",3,"Undefined","293"
"Trial    66",5,"293",4,"Undefined","293"
"Trial    78",11,"293",5,"Undefined","293"
"Trial    99",8,"293",6,"Undefined","293"
"Trial     3",1,"32",1,"Undefined","32"
"Trial    35",15,"32",2,"Undefined","32"
"Trial    41",18,"32",3,"Undefined","32"
"Trial    66",11,"32",4,"Undefined","32"
"Trial    87",12,"32",5,"Undefined","32"
"Trial    93",4,"32",6,"Undefined","32"
"Trial     3",19,"64",1,"Undefined","64"
"Trial    32",17,"64",2,"Undefined","64"
"Trial    46",14,"64",3,"Undefined","64"
"Trial    63",9,"64",4,"Undefined","64"
"Trial    63",19,"64",4,"Undefined","64"
"Trial    77",19,"64",5,"Undefined","64"
"Trial    96",12,"64",6,"Undefined","64"
"Trial     3",3,"352",1,"Undefined","352"
"Trial    33",14,"352",2,"Undefined","352"
"Trial    42",11,"352",3,"Undefined","352"
"Trial    55",11,"352",4,"Undefined","352"
"Trial    55",14,"352",4,"Undefined","352"
"Trial    89",2,"352",5,"Undefined","352"
"Trial    94",15,"352",6,"Undefined","352"
"Trial     3",4,"37",1,"Undefined","37"
"Trial    20",2,"37",2,"Undefined","37"
"Trial    48",4,"37",3,"Undefined","37"
"Trial    60",4,"37",4,"Undefined","37"
"Trial    77",17,"37",5,"Undefined","37"
"Trial    91",2,"37",6,"Undefined","37"
"Trial     3",5,"143",1,"Undefined","143"
"Trial    24",12,"143",2,"Undefined","143"
"Trial    41",3,"143",3,"Undefined","143"
"Trial    70",8,"143",4,"Undefined","143"
"Trial    74",7,"143",5,"Undefined","143"
"Trial    96",9,"143",6,"Undefined","143"
"Trial     3",6,"15",1,"Undefined","15"
"Trial    23",17,"15",2,"Undefined","15"
"Trial    43",3,"15",3,"Undefined","15"
"Trial    59",4,"15",4,"Undefined","15"
"Trial    82",12,"15",5,"Undefined","15"
"Trial    91",19,"15",6,"Undefined","15"
"Trial     3",7,"34",1,"Undefined","34"
"Trial    36",7,"34",2,"Undefined","34"
"Trial    49",0,"34",3,"Undefined","34"
"Trial    71",13,"34",4,"Undefined","34"
"Trial    90",1,"34",5,"Undefined","34"
"Trial    94",9,"34",6,"Undefined","34"
"Trial     3",8,"148",1,"Undefined","148"
"Trial    34",9,"148",2,"Undefined","148"
"Trial    37",19,"148",3,"Undefined","148"
"Trial    65",4,"148",4,"Undefined","148"
"Trial    86",14,"148",5,"Undefined","148"
"Trial     4",0,"328",1,"Undefined","328"
"Trial    20",12,"328",2,"Undefined","328"
"Trial    44",7,"328",3,"Undefined","328"
"Trial    63",5,"328",4,"Undefined","328"
"Trial    85",2,"328",5,"Undefined","328"
"Trial    94",16,"328",6,"Undefined","328"
"Trial     4",9,"134",1,"Undefined","134"
"Trial    21",14,"134",2,"Undefined","134"
"Trial    48",12,"134",3,"Undefined","134"
"Trial    59",6,"134",4,"Undefined","134"
"Trial    78",1,"134",5,"Undefined","134"
"Trial   102",11,"134",6,"Undefined","134"
"Trial     4",10,"324",1,"Undefined","324"
"Trial    31",6,"324",2,"Undefined","324"
"Trial    50",9,"324",3,"Undefined","324"
"Trial    55",13,"324",4,"Undefined","324"
"Trial    78",12,"324",5,"Undefined","324"
"Trial    85",19,"324",5,"Undefined","324"
"Trial   102",3,"324",6,"Undefined","324"
"Trial     4",11,"110",1,"Undefined","110"
"Trial     4",14,"110",1,"Undefined","110"
"Trial    33",9,"110",2,"Undefined","110"
"Trial    38",9,"110",3,"Undefined","110"
"Trial    72",16,"110",4,"Undefined","110"
"Trial    80",10,"110",5,"Undefined","110"
"Trial    94",14,"110",6,"Undefined","110"
"Trial     4",12,"133",1,"Undefined","133"
"Trial    35",10,"133",2,"Undefined","133"
"Trial    47",10,"133",3,"Undefined","133"
"Trial    71",12,"133",4,"Undefined","133"
"Trial    81",19,"133",5,"Undefined","133"
"Trial    93",8,"133",6,"Undefined","133"
"Trial     4",13,"152",1,"Undefined","152"
"Trial    29",9,"152",2,"Undefined","152"
"Trial    46",12,"152",3,"Undefined","152"
"Trial    56",14,"152",4,"Undefined","152"
"Trial    94",17,"152",6,"Undefined","152"
"Trial     4",15,"198",1,"Undefined","198"
"Trial    26",17,"198",2,"Undefined","198"
"Trial    41",1,"198",3,"Undefined","198"
"Trial    58",0,"198",4,"Undefined","198"
"Trial    88",14,"198",5,"Undefined","198"
"Trial    91",8,"198",6,"Undefined","198"
"Trial     4",16,"208",1,"Undefined","208"
"Trial    30",1,"208",2,"Undefined","208"
"Trial    52",4,"208",3,"Undefined","208"
"Trial    69",17,"208",4,"Undefined","208"
"Trial    79",17,"208",5,"Undefined","208"
"Trial    91",5,"208",6,"Undefined","208"
"Trial     4",17,"345",1,"Undefined","345"
"Trial    23",2,"345",2,"Undefined","345"
"Trial    37",17,"345",3,"Undefined","345"
"Trial    60",14,"345",4,"Undefined","345"
"Trial    74",0,"345",5,"Undefined","345"
"Trial     4",18,"286",1,"Undefined","286"
"Trial     4",3,"286",1,"Undefined","286"
"Trial    27",11,"286",2,"Undefined","286"
"Trial    40",19,"286",3,"Undefined","286"
"Trial    40",7,"286",3,"Undefined","286"
"Trial    65",10,"286",4,"Undefined","286"
"Trial    80",4,"286",5,"Undefined","286"
"Trial    81",15,"286",5,"Undefined","286"
"Trial    94",7,"286",6,"Undefined","286"
"Trial     4",1,"298",1,"Undefined","298"
"Trial    25",12,"298",2,"Undefined","298"
"Trial    49",18,"298",3,"Undefined","298"
"Trial    70",10,"298",4,"Undefined","298"
"Trial    86",5,"298",5,"Undefined","298"
"Trial   101",8,"298",6,"Undefined","298"
"Trial     4",19,"245",1,"Undefined","245"
"Trial    32",14,"245",2,"Undefined","245"
"Trial    39",11,"245",3,"Undefined","245"
"Trial    67",4,"245",4,"Undefined","245"
"Trial    87",19,"245",5,"Undefined","245"
"Trial    95",9,"245",6,"Undefined","245"
"Trial     4",2,"91",1,"Undefined","91"
"Trial    25",10,"91",2,"Undefined","91"
"Trial    53",11,"91",3,"Undefined","91"
"Trial    57",12,"91",4,"Undefined","91"
"Trial    90",0,"91",5,"Undefined","91"
"Trial    99",12,"91",6,"Undefined","91"
"Trial     4",4,"65",1,"Undefined","65"
"Trial    24",17,"65",2,"Undefined","65"
"Trial    45",3,"65",3,"Undefined","65"
"Trial    62",16,"65",4,"Undefined","65"
"Trial    75",4,"65",5,"Undefined","65"
"Trial    95",14,"65",6,"Undefined","65"
"Trial     4",5,"53",1,"Undefined","53"
"Trial    34",17,"53",2,"Undefined","53"
"Trial    43",1,"53",3,"Undefined","53"
"Trial    68",17,"53",4,"Undefined","53"
"Trial    77",8,"53",5,"Undefined","53"
"Trial    93",2,"53",6,"Undefined","53"
"Trial     4",6,"335",1,"Undefined","335"
"Trial    23",16,"335",2,"Undefined","335"
"Trial    54",16,"335",3,"Undefined","335"
"Trial    64",2,"335",4,"Undefined","335"
"Trial    83",13,"335",5,"Undefined","335"
"Trial   106",4,"335",6,"Undefined","335"
"Trial     4",7,"22",1,"Undefined","22"
"Trial    19",13,"22",2,"Undefined","22"
"Trial    53",14,"22",3,"Undefined","22"
"Trial    69",6,"22",4,"Undefined","22"
"Trial    82",17,"22",5,"Undefined","22"
"Trial    98",0,"22",6,"Undefined","22"
"Trial     4",8,"90",1,"Undefined","90"
"Trial    28",18,"90",2,"Undefined","90"
"Trial    43",12,"90",3,"Undefined","90"
"Trial    66",12,"90",4,"Undefined","90"
"Trial    73",1,"90",5,"Undefined","90"
"Trial   104",0,"90",6,"Undefined","90"
"Trial     5",0,"355",1,"Undefined","355"
"Trial    21",8,"355",2,"Undefined","355"
"Trial    44",8,"355",3,"Undefined","355"
"Trial    57",17,"355",4,"Undefined","355"
"Trial    86",8,"355",5,"Undefined","355"
"Trial   102",16,"355",6,"Undefined","355"
"Trial     5",9,"29",1,"Undefined","29"
"Trial    31",8,"29",2,"Undefined","29"
"Trial    45",10,"29",3,"Undefined","29"
"Trial    56",6,"29",4,"Undefined","29"
"Trial    76",15,"29",5,"Undefined","29"
"Trial   107",15,"29",6,"Undefined","29"
"Trial     5",10,"118",1,"Undefined","118"
"Trial    19",15,"118",2,"Undefined","118"
"Trial    54",3,"118",3,"Undefined","118"
"Trial    63",14,"118",4,"Undefined","118"
"Trial    75",0,"118",5,"Undefined","118"
"Trial    96",2,"118",6,"Undefined","118"
"Trial     5",11,"170",1,"Undefined","170"
"Trial    20",13,"170",2,"Undefined","170"
"Trial    43",13,"170",3,"Undefined","170"
"Trial    72",1,"170",4,"Undefined","170"
"Trial    81",17,"170",5,"Undefined","170"
"Trial    94",11,"170",6,"Undefined","170"
"Trial     5",12,"175",1,"Undefined","175"
"Trial    27",12,"175",2,"Undefined","175"
"Trial    39",6,"175",3,"Undefined","175"
"Trial    65",13,"175",4,"Undefined","175"
"Trial    73",0,"175",5,"Undefined","175"
"Trial    92",0,"175",6,"Undefined","175"
"Trial     5",13,"137",1,"Undefined","137"
"Trial    33",18,"137",2,"Undefined","137"
"Trial    47",5,"137",3,"Undefined","137"
"Trial    66",2,"137",4,"Undefined","137"
"Trial    90",11,"137",5,"Undefined","137"
"Trial    91",4,"137",6,"Undefined","137"
"Trial     5",14,"68",1,"Undefined","68"
"Trial    22",2,"68",2,"Undefined","68"
"Trial    39",2,"68",3,"Undefined","68"
"Trial    72",15,"68",4,"Undefined","68"
"Trial    85",3,"68",5,"Undefined","68"
"Trial   105",8,"68",6,"Undefined","68"
"Trial     5",15,"273",1,"Undefined","273"
"Trial    27",4,"273",2,"Undefined","273"
"Trial    48",8,"273",3,"Undefined","273"
"Trial    61",3,"273",4,"Undefined","273"
"Trial    87",0,"273",5,"Undefined","273"
"Trial    94",19,"273",6,"Undefined","273"
"Trial     5",16,"165",1,"Undefined","165"
"Trial    26",0,"165",2,"Undefined","165"
"Trial    49",1,"165",3,"Undefined","165"
"Trial    71",2,"165",4,"Undefined","165"
"Trial    74",14,"165",5,"Undefined","165"
"Trial    99",6,"165",6,"Undefined","165"
"Trial     5",17,"272",1,"Undefined","272"
"Trial    32",1,"272",2,"Undefined","272"
"Trial    41",0,"272",3,"Undefined","272"
"Trial    62",15,"272",4,"Undefined","272"
"Trial    78",3,"272",5,"Undefined","272"
"Trial   104",11,"272",6,"Undefined","272"
"Trial     5",18,"337",1,"Undefined","337"
"Trial    36",4,"337",2,"Undefined","337"
"Trial    53",19,"337",3,"Undefined","337"
"Trial    55",3,"337",4,"Undefined","337"
"Trial    78",9,"337",5,"Undefined","337"
"Trial   106",15,"337",6,"Undefined","337"
"Trial   106",16,"337",6,"Undefined","337"
"Trial     5",1,"70",1,"Undefined","70"
"Trial    28",7,"70",2,"Undefined","70"
"Trial    50",3,"70",3,"Undefined","70"
"Trial    60",11,"70",4,"Undefined","70"
"Trial    83",10,"70",5,"Undefined","70"
"Trial   102",17,"70",6,"Undefined","70"
"Trial     5",19,"23",1,"Undefined","23"
"Trial    34",0,"23",2,"Undefined","23"
"Trial    37",4,"23",3,"Undefined","23"
"Trial    67",8,"23",4,"Undefined","23"
"Trial    80",19,"23",5,"Undefined","23"
"Trial    95",19,"23",6,"Undefined","23"
"Trial     5",2,"223",1,"Undefined","223"
"Trial    24",7,"223",2,"Undefined","223"
"Trial    52",3,"223",3,"Undefined","223"
"Trial    59",12,"223",4,"Undefined","223"
"Trial    79",5,"223",5,"Undefined","223"
"Trial    93",5,"223",6,"Undefined","223"
"Trial     5",3,"87",1,"Undefined","87"
"Trial    35",16,"87",2,"Undefined","87"
"Trial    42",17,"87",3,"Undefined","87"
"Trial    68",10,"87",4,"Undefined","87"
"Trial    84",15,"87",5,"Undefined","87"
"Trial    94",13,"87",6,"Undefined","87"
"Trial     5",4,"225",1,"Undefined","225"
"Trial    23",19,"225",2,"Undefined","225"
"Trial    41",4,"225",3,"Undefined","225"
"Trial    59",13,"225",4,"Undefined","225"
"Trial    77",2,"225",5,"Undefined","225"
"Trial    98",6,"225",6,"Undefined","225"
"Trial     5",5,"168",1,"Undefined","168"
"Trial    34",2,"168",2,"Undefined","168"
"Trial    40",2,"168",3,"Undefined","168"
"Trial    64",16,"168",4,"Undefined","168"
"Trial    89",15,"168",5,"Undefined","168"
"Trial   101",9,"168",6,"Undefined","168"
"Trial     5",6,"339",1,"Undefined","339"
"Trial    29",6,"339",2,"Undefined","339"
"Trial    38",0,"339",3,"Undefined","339"
"Trial    70",16,"339",4,"Undefined","339"
"Trial    82",11,"339",5,"Undefined","339"
"Trial   107",19,"339",6,"Undefined","339"
"Trial     5",7,"75",1,"Undefined","75"
"Trial    30",19,"75",2,"Undefined","75"
"Trial    51",11,"75",3,"Undefined","75"
"Trial    58",13,"75",4,"Undefined","75"
"Trial    84",10,"75",5,"Undefined","75"
"Trial   107",10,"75",6,"Undefined","75"
"Trial     5",8,"86",1,"Undefined","86"
"Trial    25",17,"86",2,"Undefined","86"
"Trial    45",5,"86",3,"Undefined","86"
"Trial    69",0,"86",4,"Undefined","86"
"Trial    88",1,"86",5,"Undefined","86"
"Trial   100",15,"86",6,"Undefined","86"
"Trial     6",0,"226",1,"Undefined","226"
"Trial    21",12,"226",2,"Undefined","226"
"Trial    43",9,"226",3,"Undefined","226"
"Trial    65",6,"226",4,"Undefined","226"
"Trial    90",19,"226",5,"Undefined","226"
"Trial    97",14,"226",6,"Undefined","226"
"Trial     6",9,"205",1,"Undefined","205"
"Trial    33",11,"205",2,"Undefined","205"
"Trial    40",17,"205",3,"Undefined","205"
"Trial    61",5,"205",4,"Undefined","205"
"Trial    88",17,"205",5,"Undefined","205"
"Trial    91",13,"205",6,"Undefined","205"
"Trial     6",10,"358",1,"Undefined","358"
"Trial    28",2,"358",2,"Undefined","358"
"Trial    47",15,"358",3,"Undefined","358"
"Trial    58",16,"358",4,"Undefined","358"
"Trial    87",2,"358",5,"Undefined","358"
"Trial    97",8,"358",6,"Undefined","358"
"Trial     6",11,"167",1,"Undefined","167"
"Trial    31",13,"167",2,"Undefined","167"
"Trial    48",11,"167",3,"Undefined","167"
"Trial    71",10,"167",4,"Undefined","167"
"Trial    82",9,"167",5,"Undefined","167"
"Trial    98",11,"167",6,"Undefined","167"
"Trial     6",12,"111",1,"Undefined","111"
"Trial    35",2,"111",2,"Undefined","111"
"Trial    50",0,"111",3,"Undefined","111"
"Trial    59",15,"111",4,"Undefined","111"
"Trial    75",7,"111",5,"Undefined","111"
"Trial    92",16,"111",6,"Undefined","111"
"Trial     6",13,"297",1,"Undefined","297"
"Trial    22",14,"297",2,"Undefined","297"
"Trial    48",14,"297",3,"Undefined","297"
"Trial    70",7,"297",4,"Undefined","297"
"Trial    80",13,"297",5,"Undefined","297"
"Trial    92",11,"297",6,"Undefined","297"
"Trial     6",14,"249",1,"Undefined","249"
"Trial    32",18,"249",2,"Undefined","249"
"Trial    52",11,"249",3,"Undefined","249"
"Trial    64",13,"249",4,"Undefined","249"
"Trial    73",14,"249",5,"Undefined","249"
"Trial   100",16,"249",6,"Undefined","249"
"Trial     6",15,"142",1,"Undefined","142"
"Trial    36",3,"142",2,"Undefined","142"
"Trial    46",6,"142",3,"Undefined","142"
"Trial    60",19,"142",4,"Undefined","142"
"Trial    85",15,"142",5,"Undefined","142"
"Trial   108",15,"142",6,"Undefined","142"
"Trial     6",16,"156",1,"Undefined","156"
"Trial    26",12,"156",2,"Undefined","156"
"Trial    57",9,"156",4,"Undefined","156"
"Trial    76",9,"156",5,"Undefined","156"
"Trial    76",10,"156",5,"Undefined","156"
"Trial   102",15,"156",6,"Undefined","156"
"Trial     6",17,"116",1,"Undefined","116"
"Trial    28",14,"116",2,"Undefined","116"
"Trial    44",10,"116",3,"Undefined","116"
"Trial    55",9,"116",4,"Undefined","116"
"Trial    55",18,"116",4,"Undefined","116"
"Trial    79",12,"116",5,"Undefined","116"
"Trial   105",14,"116",6,"Undefined","116"
"Trial     7",7,"161",1,"Undefined","161"
"Trial    34",16,"161",2,"Undefined","161"
"Trial    49",9,"161",3,"Undefined","161"
"Trial    57",3,"161",4,"Undefined","161"
"Trial    84",16,"161",5,"Undefined","161"
"Trial   100",0,"161",6,"Undefined","161"
"Trial     6",1,"311",1,"Undefined","311"
"Trial    27",3,"311",2,"Undefined","311"
"Trial    51",8,"311",3,"Undefined","311"
"Trial    63",12,"311",4,"Undefined","311"
"Trial    74",19,"311",5,"Undefined","311"
"Trial    97",18,"311",6,"Undefined","311"
"Trial     6",19,"82",1,"Undefined","82"
"Trial    20",17,"82",2,"Undefined","82"
"Trial    42",19,"82",3,"Undefined","82"
"Trial    69",9,"82",4,"Undefined","82"
"Trial    90",18,"82",5,"Undefined","82"
"Trial   100",11,"82",6,"Undefined","82"
"Trial     6",2,"295",1,"Undefined","295"
"Trial    29",1,"295",2,"Undefined","295"
"Trial    39",1,"295",3,"Undefined","295"
"Trial    66",1,"295",4,"Undefined","295"
"Trial    81",3,"295",5,"Undefined","295"
"Trial   103",14,"295",6,"Undefined","295"
"Trial     6",3,"320",1,"Undefined","320"
"Trial    25",16,"320",2,"Undefined","320"
"Trial    54",17,"320",3,"Undefined","320"
"Trial    56",12,"320",4,"Undefined","320"
"Trial    77",10,"320",5,"Undefined","320"
"Trial    98",17,"320",6,"Undefined","320"
"Trial     6",4,"171",1,"Undefined","171"
"Trial    30",12,"171",2,"Undefined","171"
"Trial    45",18,"171",3,"Undefined","171"
"Trial    68",5,"171",4,"Undefined","171"
"Trial    83",0,"171",5,"Undefined","171"
"Trial     6",5,"78",1,"Undefined","78"
"Trial    19",19,"78",2,"Undefined","78"
"Trial    38",17,"78",3,"Undefined","78"
"Trial    72",9,"78",4,"Undefined","78"
"Trial    86",7,"78",5,"Undefined","78"
"Trial    98",2,"78",6,"Undefined","78"
"Trial     6",6,"40",1,"Undefined","40"
"Trial    24",4,"40",2,"Undefined","40"
"Trial    42",16,"40",3,"Undefined","40"
"Trial    60",12,"40",4,"Undefined","40"
"Trial    78",5,"40",5,"Undefined","40"
"Trial    95",4,"40",6,"Undefined","40"
"Trial     6",7,"347",1,"Undefined","347"
"Trial    23",5,"347",2,"Undefined","347"
"Trial    53",6,"347",3,"Undefined","347"
"Trial    62",2,"347",4,"Undefined","347"
"Trial    77",7,"347",5,"Undefined","347"
"Trial    97",15,"347",6,"Undefined","347"
"Trial     6",8,"183",1,"Undefined","183"
"Trial    30",15,"183",2,"Undefined","183"
"Trial    41",15,"183",3,"Undefined","183"
"Trial    67",18,"183",4,"Undefined","183"
"Trial    89",4,"183",5,"Undefined","183"
"Trial    90",14,"183",5,"Undefined","183"
"Trial    94",18,"183",6,"Undefined","183"
"Trial     7",0,"336",1,"Undefined","336"
"Trial    27",9,"336",2,"Undefined","336"
"Trial    41",9,"336",3,"Undefined","336"
"Trial    56",19,"336",4,"Undefined","336"
"Trial    82",18,"336",5,"Undefined","336"
"Trial   100",9,"336",6,"Undefined","336"
"Trial     7",9,"182",1,"Undefined","182"
"Trial    33",19,"182",2,"Undefined","182"
"Trial    44",4,"182",3,"Undefined","182"
"Trial    60",13,"182",4,"Undefined","182"
"Trial    77",14,"182",5,"Undefined","182"
"Trial    98",12,"182",6,"Undefined","182"
"Trial     7",10,"243",1,"Undefined","243"
"Trial    22",4,"243",2,"Undefined","243"
"Trial    47",4,"243",3,"Undefined","243"
"Trial    59",19,"243",4,"Undefined","243"
"Trial    85",0,"243",5,"Undefined","243"
"Trial    97",19,"243",6,"Undefined","243"
"Trial     7",11,"62",1,"Undefined","62"
"Trial    21",15,"62",2,"Undefined","62"
"Trial    50",10,"62",3,"Undefined","62"
"Trial    50",8,"62",3,"Undefined","62"
"Trial    58",10,"62",4,"Undefined","62"
"Trial    58",18,"62",4,"Undefined","62"
"Trial    87",13,"62",5,"Undefined","62"
"Trial   106",12,"62",6,"Undefined","62"
"Trial   106",7,"62",6,"Undefined","62"
"Trial     7",12,"153",1,"Undefined","153"
"Trial    31",7,"153",2,"Undefined","153"
"Trial    45",0,"153",3,"Undefined","153"
"Trial    61",0,"153",4,"Undefined","153"
"Trial    86",10,"153",5,"Undefined","153"
"Trial    95",6,"153",6,"Undefined","153"
"Trial     7",13,"129",1,"Undefined","129"
"Trial    28",4,"129",2,"Undefined","129"
"Trial    38",8,"129",3,"Undefined","129"
"Trial    65",0,"129",4,"Undefined","129"
"Trial    75",10,"129",5,"Undefined","129"
"Trial   101",7,"129",6,"Undefined","129"
"Trial     7",14,"180",1,"Undefined","180"
"Trial    20",1,"180",2,"Undefined","180"
"Trial    51",10,"180",3,"Undefined","180"
"Trial    57",8,"180",4,"Undefined","180"
"Trial    88",4,"180",5,"Undefined","180"
"Trial   108",5,"180",6,"Undefined","180"
"Trial     7",15,"240",1,"Undefined","240"
"Trial    29",3,"240",2,"Undefined","240"
"Trial    49",15,"240",3,"Undefined","240"
"Trial    72",2,"240",4,"Undefined","240"
"Trial    89",3,"240",5,"Undefined","240"
"Trial   105",19,"240",6,"Undefined","240"
"Trial     7",16,"92",1,"Undefined","92"
"Trial    34",14,"92",2,"Undefined","92"
"Trial    44",16,"92",3,"Undefined","92"
"Trial    58",6,"92",4,"Undefined","92"
"Trial    74",11,"92",5,"Undefined","92"
"Trial   100",1,"92",6,"Undefined","92"
"Trial     7",17,"130",1,"Undefined","130"
"Trial    33",12,"130",2,"Undefined","130"
"Trial    53",2,"130",3,"Undefined","130"
"Trial    68",13,"130",4,"Undefined","130"
"Trial    73",2,"130",5,"Undefined","130"
"Trial    99",4,"130",6,"Undefined","130"
"Trial     7",18,"326",1,"Undefined","326"
"Trial    30",11,"326",2,"Undefined","326"
"Trial    54",10,"326",3,"Undefined","326"
"Trial    67",9,"326",4,"Undefined","326"
"Trial    78",14,"326",5,"Undefined","326"
"Trial    94",1,"326",6,"Undefined","326"
"Trial     7",1,"159",1,"Undefined","159"
"Trial    24",1,"159",2,"Undefined","159"
"Trial    39",12,"159",3,"Undefined","159"
"Trial    63",17,"159",4,"Undefined","159"
"Trial    84",0,"159",5,"Undefined","159"
"Trial   103",10,"159",6,"Undefined","159"
"Trial     7",19,"35",1,"Undefined","35"
"Trial    19",5,"35",2,"Undefined","35"
"Trial    42",9,"35",3,"Undefined","35"
"Trial    71",6,"35",4,"Undefined","35"
"Trial    76",11,"35",5,"Undefined","35"
"Trial    96",17,"35",6,"Undefined","35"
"Trial     7",2,"187",1,"Undefined","187"
"Trial    23",13,"187",2,"Undefined","187"
"Trial    40",14,"187",3,"Undefined","187"
"Trial    69",11,"187",4,"Undefined","187"
"Trial    80",15,"187",5,"Undefined","187"
"Trial   103",7,"187",6,"Undefined","187"
"Trial     7",3,"119",1,"Undefined","119"
"Trial    32",5,"119",2,"Undefined","119"
"Trial    51",3,"119",3,"Undefined","119"
"Trial    55",10,"119",4,"Undefined","119"
"Trial    81",7,"119",5,"Undefined","119"
"Trial    97",2,"119",6,"Undefined","119"
"Trial     7",4,"89",1,"Undefined","89"
"Trial    26",15,"89",2,"Undefined","89"
"Trial    46",13,"89",3,"Undefined","89"
"Trial    62",3,"89",4,"Undefined","89"
"Trial    90",9,"89",5,"Undefined","89"
"Trial   103",1,"89",6,"Undefined","89"
"Trial     7",5,"323",1,"Undefined","323"
"Trial    35",9,"323",2,"Undefined","323"
"Trial    37",3,"323",3,"Undefined","323"
"Trial    70",3,"323",4,"Undefined","323"
"Trial    89",9,"323",5,"Undefined","323"
"Trial   105",7,"323",6,"Undefined","323"
"Trial     7",6,"83",1,"Undefined","83"
"Trial    27",16,"83",2,"Undefined","83"
"Trial    52",10,"83",3,"Undefined","83"
"Trial    66",13,"83",4,"Undefined","83"
"Trial    83",11,"83",5,"Undefined","83"
"Trial   101",6,"83",6,"Undefined","83"
"Trial     7",8,"206",1,"Undefined","206"
"Trial    25",9,"206",2,"Undefined","206"
"Trial    43",4,"206",3,"Undefined","206"
"Trial    61",2,"206",4,"Undefined","206"
"Trial    79",2,"206",5,"Undefined","206"
"Trial    98",13,"206",6,"Undefined","206"
"Trial     8",0,"200",1,"Undefined","200"
"Trial    24",5,"200",2,"Undefined","200"
"Trial    39",17,"200",3,"Undefined","200"
"Trial    55",7,"200",4,"Undefined","200"
"Trial    86",17,"200",5,"Undefined","200"
"Trial   102",0,"200",6,"Undefined","200"
"Trial     8",9,"17",1,"Undefined","17"
"Trial    29",19,"17",2,"Undefined","17"
"Trial    43",6,"17",3,"Undefined","17"
"Trial    71",7,"17",4,"Undefined","17"
"Trial    73",15,"17",5,"Undefined","17"
"Trial    93",15,"17",6,"Undefined","17"
"Trial     8",10,"11",1,"Undefined","11"
"Trial    22",10,"11",2,"Undefined","11"
"Trial    38",1,"11",3,"Undefined","11"
"Trial    65",2,"11",4,"Undefined","11"
"Trial    76",3,"11",5,"Undefined","11"
"Trial    98",5,"11",6,"Undefined","11"
"Trial     8",11,"77",1,"Undefined","77"
"Trial    21",2,"77",2,"Undefined","77"
"Trial    22",16,"77",2,"Undefined","77"
"Trial    53",10,"77",3,"Undefined","77"
"Trial    67",16,"77",4,"Undefined","77"
"Trial    79",14,"77",5,"Undefined","77"
"Trial   107",5,"77",6,"Undefined","77"
"Trial     8",12,"95",1,"Undefined","95"
"Trial    20",14,"95",2,"Undefined","95"
"Trial    45",2,"95",3,"Undefined","95"
"Trial    58",5,"95",4,"Undefined","95"
"Trial    89",12,"95",5,"Undefined","95"
"Trial   104",13,"95",6,"Undefined","95"
"Trial     8",13,"122",1,"Undefined","122"
"Trial    24",18,"122",2,"Undefined","122"
"Trial    47",1,"122",3,"Undefined","122"
"Trial    72",6,"122",4,"Undefined","122"
"Trial    88",15,"122",5,"Undefined","122"
"Trial   100",10,"122",6,"Undefined","122"
"Trial     8",14,"55",1,"Undefined","55"
"Trial    34",4,"55",2,"Undefined","55"
"Trial    51",14,"55",3,"Undefined","55"
"Trial    66",16,"55",4,"Undefined","55"
"Trial    76",0,"55",5,"Undefined","55"
"Trial    97",0,"55",6,"Undefined","55"
"Trial     8",16,"139",1,"Undefined","139"
"Trial    35",11,"139",2,"Undefined","139"
"Trial    52",7,"139",3,"Undefined","139"
"Trial    57",15,"139",4,"Undefined","139"
"Trial    87",5,"139",5,"Undefined","139"
"Trial    97",11,"139",6,"Undefined","139"
"Trial     8",17,"212",1,"Undefined","212"
"Trial    28",15,"212",2,"Undefined","212"
"Trial    49",16,"212",3,"Undefined","212"
"Trial    49",2,"212",3,"Undefined","212"
"Trial    56",9,"212",4,"Undefined","212"
"Trial    56",17,"212",4,"Undefined","212"
"Trial    78",4,"212",5,"Undefined","212"
"Trial   102",13,"212",6,"Undefined","212"
"Trial     8",18,"239",1,"Undefined","239"
"Trial    32",15,"239",2,"Undefined","239"
"Trial    37",6,"239",3,"Undefined","239"
"Trial    70",15,"239",4,"Undefined","239"
"Trial    77",11,"239",5,"Undefined","239"
"Trial   105",15,"239",6,"Undefined","239"
"Trial     8",1,"191",1,"Undefined","191"
"Trial    36",19,"191",2,"Undefined","191"
"Trial    48",9,"191",3,"Undefined","191"
"Trial    69",13,"191",4,"Undefined","191"
"Trial    81",13,"191",5,"Undefined","191"
"Trial    92",1,"191",6,"Undefined","191"
"Trial     8",19,"306",1,"Undefined","306"
"Trial    31",1,"306",2,"Undefined","306"
"Trial    43",5,"306",3,"Undefined","306"
"Trial    63",3,"306",4,"Undefined","306"
"Trial    75",15,"306",5,"Undefined","306"
"Trial    99",10,"306",6,"Undefined","306"
"Trial     8",2,"194",1,"Undefined","194"
"Trial    19",14,"194",2,"Undefined","194"
"Trial    49",3,"194",3,"Undefined","194"
"Trial    59",10,"194",4,"Undefined","194"
"Trial    83",3,"194",5,"Undefined","194"
"Trial    96",15,"194",6,"Undefined","194"
"Trial     8",3,"176",1,"Undefined","176"
"Trial    31",16,"176",2,"Undefined","176"
"Trial    40",1,"176",3,"Undefined","176"
"Trial    64",11,"176",4,"Undefined","176"
"Trial    74",8,"176",5,"Undefined","176"
"Trial   100",7,"176",6,"Undefined","176"
"Trial     8",4,"47",1,"Undefined","47"
"Trial    33",8,"47",2,"Undefined","47"
"Trial    42",15,"47",3,"Undefined","47"
"Trial    62",14,"47",4,"Undefined","47"
"Trial    82",15,"47",5,"Undefined","47"
"Trial    91",16,"47",6,"Undefined","47"
"Trial     8",5,"105",1,"Undefined","105"
"Trial    30",9,"105",2,"Undefined","105"
"Trial    44",9,"105",3,"Undefined","105"
"Trial    44",14,"105",3,"Undefined","105"
"Trial    68",3,"105",4,"Undefined","105"
"Trial    87",3,"105",5,"Undefined","105"
"Trial    98",16,"105",6,"Undefined","105"
"Trial     8",6,"85",1,"Undefined","85"
"Trial    27",19,"85",2,"Undefined","85"
"Trial    41",2,"85",3,"Undefined","85"
"Trial    60",2,"85",4,"Undefined","85"
"Trial    90",12,"85",5,"Undefined","85"
"Trial    96",0,"85",6,"Undefined","85"
"Trial     8",7,"276",1,"Undefined","276"
"Trial    26",18,"276",2,"Undefined","276"
"Trial    44",6,"276",3,"Undefined","276"
"Trial    62",9,"276",4,"Undefined","276"
"Trial    80",2,"276",5,"Undefined","276"
"Trial   102",6,"276",6,"Undefined","276"
"Trial     8",8,"196",1,"Undefined","196"
"Trial    23",6,"196",2,"Undefined","196"
"Trial    46",10,"196",3,"Undefined","196"
"Trial    71",0,"196",4,"Undefined","196"
"Trial    85",11,"196",5,"Undefined","196"
"Trial    93",1,"196",6,"Undefined","196"
"Trial     9",0,"242",1,"Undefined","242"
"Trial    21",13,"242",2,"Undefined","242"
"Trial    40",6,"242",3,"Undefined","242"
"Trial    61",4,"242",4,"Undefined","242"
"Trial    75",1,"242",5,"Undefined","242"
"Trial    92",17,"242",6,"Undefined","242"
"Trial     9",9,"317",1,"Undefined","317"
"Trial    24",8,"317",2,"Undefined","317"
"Trial    49",10,"317",3,"Undefined","317"
"Trial    60",17,"317",4,"Undefined","317"
"Trial    73",8,"317",5,"Undefined","317"
"Trial    98",19,"317",6,"Undefined","317"
"Trial     9",10,"104",1,"Undefined","104"
"Trial    30",5,"104",2,"Undefined","104"
"Trial    50",18,"104",3,"Undefined","104"
"Trial    63",2,"104",4,"Undefined","104"
"Trial    87",10,"104",5,"Undefined","104"
"Trial    97",12,"104",6,"Undefined","104"
"Trial     9",11,"268",1,"Undefined","268"
"Trial    23",11,"268",2,"Undefined","268"
"Trial    44",1,"268",3,"Undefined","268"
"Trial    70",2,"268",4,"Undefined","268"
"Trial    84",17,"268",5,"Undefined","268"
"Trial   105",13,"268",6,"Undefined","268"
"Trial     9",12,"255",1,"Undefined","255"
"Trial    35",12,"255",2,"Undefined","255"
"Trial    54",12,"255",3,"Undefined","255"
"Trial    65",19,"255",4,"Undefined","255"
"Trial    79",11,"255",5,"Undefined","255"
"Trial   104",5,"255",6,"Undefined","255"
"Trial     9",13,"27",1,"Undefined","27"
"Trial    36",13,"27",2,"Undefined","27"
"Trial    42",5,"27",3,"Undefined","27"
"Trial    64",6,"27",4,"Undefined","27"
"Trial    88",7,"27",5,"Undefined","27"
"Trial    95",10,"27",6,"Undefined","27"
"Trial     9",14,"126",1,"Undefined","126"
"Trial    33",17,"126",2,"Undefined","126"
"Trial    54",7,"126",3,"Undefined","126"
"Trial    58",15,"126",4,"Undefined","126"
"Trial    86",16,"126",5,"Undefined","126"
"Trial   101",17,"126",6,"Undefined","126"
"Trial     9",15,"151",1,"Undefined","151"
"Trial    32",9,"151",2,"Undefined","151"
"Trial    43",11,"151",3,"Undefined","151"
"Trial    56",15,"151",4,"Undefined","151"
"Trial    80",1,"151",5,"Undefined","151"
"Trial    93",0,"151",6,"Undefined","151"
"Trial     9",16,"343",1,"Undefined","343"
"Trial    31",18,"343",2,"Undefined","343"
"Trial    53",13,"343",3,"Undefined","343"
"Trial    62",4,"343",4,"Undefined","343"
"Trial    83",18,"343",5,"Undefined","343"
"Trial    92",8,"343",6,"Undefined","343"
"Trial     9",17,"193",1,"Undefined","193"
"Trial    27",17,"193",2,"Undefined","193"
"Trial    63",10,"193",4,"Undefined","193"
"Trial    81",8,"193",5,"Undefined","193"
"Trial   106",5,"193",6,"Undefined","193"
"Trial     9",18,"353",1,"Undefined","353"
"Trial    19",18,"353",2,"Undefined","353"
"Trial    45",9,"353",3,"Undefined","353"
"Trial    67",17,"353",4,"Undefined","353"
"Trial    84",12,"353",5,"Undefined","353"
"Trial   105",9,"353",6,"Undefined","353"
"Trial     9",1,"357",1,"Undefined","357"
"Trial    26",1,"357",2,"Undefined","357"
"Trial    48",19,"357",3,"Undefined","357"
"Trial    55",1,"357",4,"Undefined","357"
"Trial    75",12,"357",5,"Undefined","357"
"Trial    99",17,"357",6,"Undefined","357"
"Trial     9",19,"310",1,"Undefined","310"
"Trial    20",10,"310",2,"Undefined","310"
"Trial    37",1,"310",3,"Undefined","310"
"Trial    66",14,"310",4,"Undefined","310"
"Trial    82",19,"310",5,"Undefined","310"
"Trial    99",19,"310",6,"Undefined","310"
"Trial     9",2,"259",1,"Undefined","259"
"Trial    22",12,"259",2,"Undefined","259"
"Trial    46",2,"259",3,"Undefined","259"
"Trial    57",7,"259",4,"Undefined","259"
"Trial    77",0,"259",5,"Undefined","259"
"Trial   108",3,"259",6,"Undefined","259"
"Trial     9",3,"261",1,"Undefined","261"
"Trial    25",15,"261",2,"Undefined","261"
"Trial    42",6,"261",3,"Undefined","261"
"Trial    59",11,"261",4,"Undefined","261"
"Trial    89",13,"261",5,"Undefined","261"
"Trial    92",14,"261",6,"Undefined","261"
"Trial     9",4,"356",1,"Undefined","356"
"Trial    32",16,"356",2,"Undefined","356"
"Trial    52",17,"356",3,"Undefined","356"
"Trial    71",16,"356",4,"Undefined","356"
"Trial    85",9,"356",5,"Undefined","356"
"Trial   100",4,"356",6,"Undefined","356"
"Trial     9",5,"231",1,"Undefined","231"
"Trial    34",11,"231",2,"Undefined","231"
"Trial    41",10,"231",3,"Undefined","231"
"Trial    72",4,"231",4,"Undefined","231"
"Trial    78",15,"231",5,"Undefined","231"
"Trial    96",18,"231",6,"Undefined","231"
"Trial     9",6,"99",1,"Undefined","99"
"Trial    28",5,"99",2,"Undefined","99"
"Trial    47",14,"99",3,"Undefined","99"
"Trial    68",7,"99",4,"Undefined","99"
"Trial    74",15,"99",5,"Undefined","99"
"Trial    92",3,"99",6,"Undefined","99"
"Trial     9",7,"331",1,"Undefined","331"
"Trial    36",10,"331",2,"Undefined","331"
"Trial    39",19,"331",3,"Undefined","331"
"Trial    69",16,"331",4,"Undefined","331"
"Trial    76",13,"331",5,"Undefined","331"
"Trial    94",4,"331",6,"Undefined","331"
"Trial     9",8,"20",1,"Undefined","20"
"Trial    29",11,"20",2,"Undefined","20"
"Trial    51",0,"20",3,"Undefined","20"
"Trial    59",5,"20",4,"Undefined","20"
"Trial    90",4,"20",5,"Undefined","20"
"Trial   103",19,"20",6,"Undefined","20"
"Trial    10",0,"330",1,"Undefined","330"
"Trial    22",1,"330",2,"Undefined","330"
"Trial    53",15,"330",3,"Undefined","330"
"Trial    55",12,"330",4,"Undefined","330"
"Trial    87",11,"330",5,"Undefined","330"
"Trial    96",8,"330",6,"Undefined","330"
"Trial    10",9,"218",1,"Undefined","218"
"Trial    20",8,"218",2,"Undefined","218"
"Trial    52",12,"218",3,"Undefined","218"
"Trial    66",15,"218",4,"Undefined","218"
"Trial    75",11,"218",5,"Undefined","218"
"Trial    92",12,"218",6,"Undefined","218"
"Trial    10",10,"215",1,"Undefined","215"
"Trial    23",8,"215",2,"Undefined","215"
"Trial    38",12,"215",3,"Undefined","215"
"Trial    61",15,"215",4,"Undefined","215"
"Trial    78",8,"215",5,"Undefined","215"
"Trial    95",18,"215",6,"Undefined","215"
"Trial    10",11,"251",1,"Undefined","251"
"Trial    24",19,"251",2,"Undefined","251"
"Trial    50",15,"251",3,"Undefined","251"
"Trial    65",5,"251",4,"Undefined","251"
"Trial    77",5,"251",5,"Undefined","251"
"Trial    91",12,"251",6,"Undefined","251"
"Trial    91",18,"251",6,"Undefined","251"
"Trial    10",12,"60",1,"Undefined","60"
"Trial    31",0,"60",2,"Undefined","60"
"Trial    44",19,"60",3,"Undefined","60"
"Trial    59",9,"60",4,"Undefined","60"
"Trial    90",17,"60",5,"Undefined","60"
"Trial   103",6,"60",6,"Undefined","60"
"Trial    10",13,"287",1,"Undefined","287"
"Trial    32",13,"287",2,"Undefined","287"
"Trial    54",19,"287",3,"Undefined","287"
"Trial    68",9,"287",4,"Undefined","287"
"Trial    89",7,"287",5,"Undefined","287"
"Trial   108",0,"287",6,"Undefined","287"
"Trial   108",1,"287",6,"Undefined","287"
"Trial    10",14,"227",1,"Undefined","227"
"Trial    36",12,"227",2,"Undefined","227"
"Trial    41",17,"227",3,"Undefined","227"
"Trial    63",7,"227",4,"Undefined","227"
"Trial    79",4,"227",5,"Undefined","227"
"Trial   108",9,"227",6,"Undefined","227"
"Trial    10",15,"316",1,"Undefined","316"
"Trial    19",8,"316",2,"Undefined","316"
"Trial    49",11,"316",3,"Undefined","316"
"Trial    64",12,"316",4,"Undefined","316"
"Trial    84",6,"316",5,"Undefined","316"
"Trial    99",18,"316",6,"Undefined","316"
"Trial    10",16,"172",1,"Undefined","172"
"Trial    28",6,"172",2,"Undefined","172"
"Trial    46",9,"172",3,"Undefined","172"
"Trial    64",15,"172",4,"Undefined","172"
"Trial    82",10,"172",5,"Undefined","172"
"Trial   105",2,"172",6,"Undefined","172"
"Trial    10",17,"253",1,"Undefined","253"
"Trial    30",2,"253",2,"Undefined","253"
"Trial    38",18,"253",3,"Undefined","253"
"Trial    57",0,"253",4,"Undefined","253"
"Trial    85",6,"253",5,"Undefined","253"
"Trial   106",1,"253",6,"Undefined","253"
"Trial   106",6,"253",6,"Undefined","253"
"Trial    10",18,"158",1,"Undefined","158"
"Trial    33",4,"158",2,"Undefined","158"
"Trial    43",0,"158",3,"Undefined","158"
"Trial    67",15,"158",4,"Undefined","158"
"Trial    76",6,"158",5,"Undefined","158"
"Trial   100",12,"158",6,"Undefined","158"
"Trial    10",1,"211",1,"Undefined","211"
"Trial    29",7,"211",2,"Undefined","211"
"Trial    45",13,"211",3,"Undefined","211"
"Trial    62",19,"211",4,"Undefined","211"
"Trial    73",16,"211",5,"Undefined","211"
"Trial    99",2,"211",6,"Undefined","211"
"Trial    10",19,"25",1,"Undefined","25"
"Trial    34",6,"25",2,"Undefined","25"
"Trial    37",16,"25",3,"Undefined","25"
"Trial    39",5,"25",3,"Undefined","25"
"Trial    60",0,"25",4,"Undefined","25"
"Trial    88",0,"25",5,"Undefined","25"
"Trial   105",6,"25",6,"Undefined","25"
"Trial    10",2,"5",1,"Undefined","5"
"Trial    27",15,"5",2,"Undefined","5"
"Trial    37",13,"5",3,"Undefined","5"
"Trial    71",17,"5",4,"Undefined","5"
"Trial    88",2,"5",5,"Undefined","5"
"Trial    98",15,"5",6,"Undefined","5"
"Trial    10",3,"10",1,"Undefined","10"
"Trial    21",10,"10",2,"Undefined","10"
"Trial    51",13,"10",3,"Undefined","10"
"Trial    70",6,"10",4,"Undefined","10"
"Trial    83",6,"10",5,"Undefined","10"
"Trial   108",16,"10",6,"Undefined","10"
"Trial    10",4,"290",1,"Undefined","290"
"Trial    25",18,"290",2,"Undefined","290"
"Trial    48",6,"290",3,"Undefined","290"
"Trial    65",1,"290",4,"Undefined","290"
"Trial    74",12,"290",5,"Undefined","290"
"Trial    10",5,"247",1,"Undefined","247"
"Trial    35",6,"247",2,"Undefined","247"
"Trial    46",5,"247",3,"Undefined","247"
"Trial    72",17,"247",4,"Undefined","247"
"Trial    73",4,"247",5,"Undefined","247"
"Trial   108",18,"247",6,"Undefined","247"
"Trial    10",6,"121",1,"Undefined","121"
"Trial    20",6,"121",2,"Undefined","121"
"Trial    50",12,"121",3,"Undefined","121"
"Trial    69",10,"121",4,"Undefined","121"
"Trial    80",5,"121",5,"Undefined","121"
"Trial    95",0,"121",6,"Undefined","121"
"Trial    10",7,"96",1,"Undefined","96"
"Trial    31",11,"96",2,"Undefined","96"
"Trial    42",14,"96",3,"Undefined","96"
"Trial    58",14,"96",4,"Undefined","96"
"Trial    81",2,"96",5,"Undefined","96"
"Trial   106",14,"96",6,"Undefined","96"
"Trial    10",8,"173",1,"Undefined","173"
"Trial    26",10,"173",2,"Undefined","173"
"Trial    47",3,"173",3,"Undefined","173"
"Trial    56",0,"173",4,"Undefined","173"
"Trial    86",2,"173",5,"Undefined","173"
"Trial   103",9,"173",6,"Undefined","173"
"Trial    11",0,"54",1,"Undefined","54"
"Trial    35",13,"54",2,"Undefined","54"
"Trial    38",13,"54",3,"Undefined","54"
"Trial    64",1,"54",4,"Undefined","54"
"Trial    88",11,"54",5,"Undefined","54"
"Trial    99",16,"54",6,"Undefined","54"
"Trial    11",9,"266",1,"Undefined","266"
"Trial    36",6,"266",2,"Undefined","266"
"Trial    46",8,"266",3,"Undefined","266"
"Trial    58",19,"266",4,"Undefined","266"
"Trial    75",19,"266",5,"Undefined","266"
"Trial    96",19,"266",6,"Undefined","266"
"Trial    11",10,"334",1,"Undefined","334"
"Trial    27",8,"334",2,"Undefined","334"
"Trial    54",8,"334",3,"Undefined","334"
"Trial    59",0,"334",4,"Undefined","334"
"Trial    76",5,"334",5,"Undefined","334"
"Trial   103",4,"334",6,"Undefined","334"
"Trial    11",11,"228",1,"Undefined","228"
"Trial    23",7,"228",2,"Undefined","228"
"Trial    50",19,"228",3,"Undefined","228"
"Trial    67",5,"228",4,"Undefined","228"
"Trial    73",10,"228",5,"Undefined","228"
"Trial    91",11,"228",6,"Undefined","228"
"Trial    11",12,"230",1,"Undefined","230"
"Trial    20",15,"230",2,"Undefined","230"
"Trial    41",7,"230",3,"Undefined","230"
"Trial    71",1,"230",4,"Undefined","230"
"Trial    86",18,"230",5,"Undefined","230"
"Trial    95",15,"230",6,"Undefined","230"
"Trial    11",13,"160",1,"Undefined","160"
"Trial    28",17,"160",2,"Undefined","160"
"Trial    37",5,"160",3,"Undefined","160"
"Trial    60",8,"160",4,"Undefined","160"
"Trial    84",7,"160",5,"Undefined","160"
"Trial   102",9,"160",6,"Undefined","160"
"Trial    11",14,"199",1,"Undefined","199"
"Trial    29",8,"199",2,"Undefined","199"
"Trial    47",8,"199",3,"Undefined","199"
"Trial    65",3,"199",4,"Undefined","199"
"Trial    83",14,"199",5,"Undefined","199"
"Trial    99",11,"199",6,"Undefined","199"
"Trial    11",15,"222",1,"Undefined","222"
"Trial    24",14,"222",2,"Undefined","222"
"Trial    46",16,"222",3,"Undefined","222"
"Trial    66",0,"222",4,"Undefined","222"
"Trial    80",16,"222",5,"Undefined","222"
"Trial   107",2,"222",6,"Undefined","222"
"Trial    11",16,"71",1,"Undefined","71"
"Trial    30",0,"71",2,"Undefined","71"
"Trial    43",8,"71",3,"Undefined","71"
"Trial    55",19,"71",4,"Undefined","71"
"Trial    74",18,"71",5,"Undefined","71"
"Trial   105",16,"71",6,"Undefined","71"
"Trial    11",17,"234",1,"Undefined","234"
"Trial    26",13,"234",2,"Undefined","234"
"Trial    53",12,"234",3,"Undefined","234"
"Trial    72",19,"234",4,"Undefined","234"
"Trial    81",16,"234",5,"Undefined","234"
"Trial   101",15,"234",6,"Undefined","234"
"Trial    11",18,"74",1,"Undefined","74"
"Trial    26",2,"74",2,"Undefined","74"
"Trial    39",13,"74",3,"Undefined","74"
"Trial    69",8,"74",4,"Undefined","74"
"Trial    77",6,"74",5,"Undefined","74"
"Trial   103",16,"74",6,"Undefined","74"
"Trial    11",1,"349",1,"Undefined","349"
"Trial    19",16,"349",2,"Undefined","349"
"Trial    48",17,"349",3,"Undefined","349"
"Trial    57",6,"349",4,"Undefined","349"
"Trial    73",17,"349",5,"Undefined","349"
"Trial    92",10,"349",6,"Undefined","349"
"Trial    11",19,"312",1,"Undefined","312"
"Trial    21",11,"312",2,"Undefined","312"
"Trial    52",9,"312",3,"Undefined","312"
"Trial    56",16,"312",4,"Undefined","312"
"Trial    90",16,"312",5,"Undefined","312"
"Trial   107",12,"312",6,"Undefined","312"
"Trial    11",2,"140",1,"Undefined","140"
"Trial    25",11,"140",2,"Undefined","140"
"Trial    40",3,"140",3,"Undefined","140"
"Trial    40",8,"140",3,"Undefined","140"
"Trial    62",8,"140",4,"Undefined","140"
"Trial    87",9,"140",5,"Undefined","140"
"Trial   101",1,"140",6,"Undefined","140"
"Trial    11",3,"12",1,"Undefined","12"
"Trial    22",8,"12",2,"Undefined","12"
"Trial    42",3,"12",3,"Undefined","12"
"Trial    56",2,"12",4,"Undefined","12"
"Trial    82",14,"12",5,"Undefined","12"
"Trial   100",6,"12",6,"Undefined","12"
"Trial    11",4,"346",1,"Undefined","346"
"Trial    28",3,"346",2,"Undefined","346"
"Trial    52",16,"346",3,"Undefined","346"
"Trial    61",12,"346",4,"Undefined","346"
"Trial    89",8,"346",5,"Undefined","346"
"Trial    93",9,"346",6,"Undefined","346"
"Trial    93",6,"346",6,"Undefined","346"
"Trial    11",5,"146",1,"Undefined","146"
"Trial    32",4,"146",2,"Undefined","146"
"Trial    44",3,"146",3,"Undefined","146"
"Trial    65",12,"146",4,"Undefined","146"
"Trial    78",6,"146",5,"Undefined","146"
"Trial   105",0,"146",6,"Undefined","146"
"Trial    11",6,"135",1,"Undefined","135"
"Trial    34",18,"135",2,"Undefined","135"
"Trial    45",14,"135",3,"Undefined","135"
"Trial    45",19,"135",3,"Undefined","135"
"Trial    70",12,"135",4,"Undefined","135"
"Trial    85",12,"135",5,"Undefined","135"
"Trial    93",19,"135",6,"Undefined","135"
"Trial    11",7,"43",1,"Undefined","43"
"Trial    33",1,"43",2,"Undefined","43"
"Trial    49",5,"43",3,"Undefined","43"
"Trial    68",2,"43",4,"Undefined","43"
"Trial    79",18,"43",5,"Undefined","43"
"Trial    92",7,"43",6,"Undefined","43"
"Trial    11",8,"45",1,"Undefined","45"
"Trial    31",12,"45",2,"Undefined","45"
"Trial    47",7,"45",3,"Undefined","45"
"Trial    63",6,"45",4,"Undefined","45"
"Trial    86",19,"45",5,"Undefined","45"
"Trial   104",2,"45",6,"Undefined","45"
"Trial    12",0,"112",1,"Undefined","112"
"Trial    31",15,"112",2,"Undefined","112"
"Trial    54",11,"112",3,"Undefined","112"
"Trial    60",7,"112",4,"Undefined","112"
"Trial    79",6,"112",5,"Undefined","112"
"Trial   107",8,"112",6,"Undefined","112"
"Trial    12",9,"319",1,"Undefined","319"
"Trial    12",14,"319",1,"Undefined","319"
"Trial    25",3,"319",2,"Undefined","319"
"Trial    26",4,"319",2,"Undefined","319"
"Trial    39",4,"319",3,"Undefined","319"
"Trial    68",4,"319",4,"Undefined","319"
"Trial    85",18,"319",5,"Undefined","319"
"Trial    96",3,"319",6,"Undefined","319"
"Trial    12",10,"333",1,"Undefined","333"
"Trial    23",4,"333",2,"Undefined","333"
"Trial    38",10,"333",3,"Undefined","333"
"Trial    66",8,"333",4,"Undefined","333"
"Trial    89",14,"333",5,"Undefined","333"
"Trial    95",16,"333",6,"Undefined","333"
"Trial    12",11,"338",1,"Undefined","338"
"Trial    32",6,"338",2,"Undefined","338"
"Trial    53",18,"338",3,"Undefined","338"
"Trial    60",5,"338",4,"Undefined","338"
"Trial    75",9,"338",5,"Undefined","338"
"Trial    96",1,"338",6,"Undefined","338"
"Trial    12",12,"278",1,"Undefined","278"
"Trial    24",3,"278",2,"Undefined","278"
"Trial    51",5,"278",3,"Undefined","278"
"Trial    64",7,"278",4,"Undefined","278"
"Trial    77",1,"278",5,"Undefined","278"
"Trial   105",12,"278",6,"Undefined","278"
"Trial    12",13,"289",1,"Undefined","289"
"Trial    27",2,"289",2,"Undefined","289"
"Trial    44",0,"289",3,"Undefined","289"
"Trial    44",5,"289",3,"Undefined","289"
"Trial    67",6,"289",4,"Undefined","289"
"Trial    81",11,"289",5,"Undefined","289"
"Trial    91",7,"289",6,"Undefined","289"
"Trial    12",15,"302",1,"Undefined","302"
"Trial    28",13,"302",2,"Undefined","302"
"Trial    42",10,"302",3,"Undefined","302"
"Trial    57",10,"302",4,"Undefined","302"
"Trial    90",8,"302",5,"Undefined","302"
"Trial   101",19,"302",6,"Undefined","302"
"Trial   104",10,"302",6,"Undefined","302"
"Trial    12",16,"190",1,"Undefined","190"
"Trial    19",1,"190",2,"Undefined","190"
"Trial    50",11,"190",3,"Undefined","190"
"Trial    56",1,"190",4,"Undefined","190"
"Trial    88",3,"190",5,"Undefined","190"
"Trial   105",10,"190",6,"Undefined","190"
"Trial    12",17,"303",1,"Undefined","303"
"Trial    20",7,"303",2,"Undefined","303"
"Trial    46",18,"303",3,"Undefined","303"
"Trial    61",6,"303",4,"Undefined","303"
"Trial    76",7,"303",5,"Undefined","303"
"Trial    99",14,"303",6,"Undefined","303"
"Trial    12",18,"18",1,"Undefined","18"
"Trial    34",19,"18",2,"Undefined","18"
"Trial    47",2,"18",3,"Undefined","18"
"Trial    59",17,"18",4,"Undefined","18"
"Trial    73",19,"18",5,"Undefined","18"
"Trial    12",1,"113",1,"Undefined","113"
"Trial    21",9,"113",2,"Undefined","113"
"Trial    54",1,"113",3,"Undefined","113"
"Trial    55",5,"113",4,"Undefined","113"
"Trial    82",13,"113",5,"Undefined","113"
"Trial    82",4,"113",5,"Undefined","113"
"Trial    97",4,"113",6,"Undefined","113"
"Trial    12",19,"203",1,"Undefined","203"
"Trial    20",16,"203",2,"Undefined","203"
"Trial    49",6,"203",3,"Undefined","203"
"Trial    70",4,"203",4,"Undefined","203"
"Trial    87",17,"203",5,"Undefined","203"
"Trial    96",14,"203",6,"Undefined","203"
"Trial    12",2,"244",1,"Undefined","244"
"Trial    21",18,"244",2,"Undefined","244"
"Trial    45",8,"244",3,"Undefined","244"
"Trial    71",11,"244",4,"Undefined","244"
"Trial    80",0,"244",5,"Undefined","244"
"Trial   100",8,"244",6,"Undefined","244"
"Trial    12",3,"264",1,"Undefined","264"
"Trial    29",14,"264",2,"Undefined","264"
"Trial    48",0,"264",3,"Undefined","264"
"Trial    58",17,"264",4,"Undefined","264"
"Trial    88",5,"264",5,"Undefined","264"
"Trial    96",16,"264",6,"Undefined","264"
"Trial    12",4,"141",1,"Undefined","141"
"Trial    22",15,"141",2,"Undefined","141"
"Trial    43",15,"141",3,"Undefined","141"
"Trial    69",7,"141",4,"Undefined","141"
"Trial    86",0,"141",5,"Undefined","141"
"Trial    99",13,"141",6,"Undefined","141"
"Trial    12",5,"57",1,"Undefined","57"
"Trial    36",18,"57",2,"Undefined","57"
"Trial    40",5,"57",3,"Undefined","57"
"Trial    72",7,"57",4,"Undefined","57"
"Trial    83",4,"57",5,"Undefined","57"
"Trial   105",4,"57",6,"Undefined","57"
"Trial    12",6,"184",1,"Undefined","184"
"Trial    33",3,"184",2,"Undefined","184"
"Trial    41",14,"184",3,"Undefined","184"
"Trial    65",16,"184",4,"Undefined","184"
"Trial    81",5,"184",5,"Undefined","184"
"Trial   106",0,"184",6,"Undefined","184"
"Trial    12",7,"265",1,"Undefined","265"
"Trial    30",6,"265",2,"Undefined","265"
"Trial    48",10,"265",3,"Undefined","265"
"Trial    66",17,"265",4,"Undefined","265"
"Trial    84",13,"265",5,"Undefined","265"
"Trial   108",12,"265",6,"Undefined","265"
"Trial    12",8,"163",1,"Undefined","163"
"Trial    35",18,"163",2,"Undefined","163"
"Trial    39",7,"163",3,"Undefined","163"
"Trial    62",0,"163",4,"Undefined","163"
"Trial    74",4,"163",5,"Undefined","163"
"Trial    95",8,"163",6,"Undefined","163"
"Trial    13",0,"115",1,"Undefined","115"
"Trial    30",7,"115",2,"Undefined","115"
"Trial    46",11,"115",3,"Undefined","115"
"Trial    59",18,"115",4,"Undefined","115"
"Trial    86",13,"115",5,"Undefined","115"
"Trial    99",5,"115",6,"Undefined","115"
"Trial    13",9,"48",1,"Undefined","48"
"Trial    30",17,"48",2,"Undefined","48"
"Trial    42",13,"48",3,"Undefined","48"
"Trial    70",1,"48",4,"Undefined","48"
"Trial    73",5,"48",5,"Undefined","48"
"Trial   105",5,"48",6,"Undefined","48"
"Trial    13",10,"185",1,"Undefined","185"
"Trial    26",6,"185",2,"Undefined","185"
"Trial    50",2,"185",3,"Undefined","185"
"Trial    60",18,"185",4,"Undefined","185"
"Trial    76",1,"185",5,"Undefined","185"
"Trial   101",2,"185",6,"Undefined","185"
"Trial    13",11,"101",1,"Undefined","101"
"Trial    21",19,"101",2,"Undefined","101"
"Trial    99",15,"101",6,"Undefined","101"
"Trial    13",12,"51",1,"Undefined","51"
"Trial    31",4,"51",2,"Undefined","51"
"Trial    49",4,"51",3,"Undefined","51"
"Trial    67",2,"51",4,"Undefined","51"
"Trial    85",7,"51",5,"Undefined","51"
"Trial    92",19,"51",6,"Undefined","51"
"Trial    13",13,"237",1,"Undefined","237"
"Trial    35",19,"237",2,"Undefined","237"
"Trial    43",17,"237",3,"Undefined","237"
"Trial    56",13,"237",4,"Undefined","237"
"Trial    83",15,"237",5,"Undefined","237"
"Trial   101",5,"237",6,"Undefined","237"
"Trial    13",14,"207",1,"Undefined","207"
"Trial    23",9,"207",2,"Undefined","207"
"Trial    39",15,"207",3,"Undefined","207"
"Trial    58",4,"207",4,"Undefined","207"
"Trial    90",6,"207",5,"Undefined","207"
"Trial   101",0,"207",6,"Undefined","207"
"Trial    13",15,"344",1,"Undefined","344"
"Trial    20",3,"344",2,"Undefined","344"
"Trial    53",3,"344",3,"Undefined","344"
"Trial    65",8,"344",4,"Undefined","344"
"Trial    84",11,"344",5,"Undefined","344"
"Trial   102",8,"344",6,"Undefined","344"
"Trial    13",16,"229",1,"Undefined","229"
"Trial    19",10,"229",2,"Undefined","229"
"Trial    52",8,"229",3,"Undefined","229"
"Trial    68",18,"229",4,"Undefined","229"
"Trial    81",1,"229",5,"Undefined","229"
"Trial   106",11,"229",6,"Undefined","229"
"Trial    13",17,"132",1,"Undefined","132"
"Trial    32",11,"132",2,"Undefined","132"
"Trial    40",13,"132",3,"Undefined","132"
"Trial    57",1,"132",4,"Undefined","132"
"Trial    79",0,"132",5,"Undefined","132"
"Trial    93",10,"132",6,"Undefined","132"
"Trial    13",18,"281",1,"Undefined","281"
"Trial    36",14,"281",2,"Undefined","281"
"Trial    45",16,"281",3,"Undefined","281"
"Trial    66",4,"281",4,"Undefined","281"
"Trial    77",13,"281",5,"Undefined","281"
"Trial   104",12,"281",6,"Undefined","281"
"Trial    13",1,"305",1,"Undefined","305"
"Trial    25",19,"305",2,"Undefined","305"
"Trial    47",9,"305",3,"Undefined","305"
"Trial    64",18,"305",4,"Undefined","305"
"Trial    79",19,"305",5,"Undefined","305"
"Trial   107",6,"305",6,"Undefined","305"
"Trial    13",19,"262",1,"Undefined","262"
"Trial    35",8,"262",2,"Undefined","262"
"Trial    51",19,"262",3,"Undefined","262"
"Trial    72",11,"262",4,"Undefined","262"
"Trial    78",18,"262",5,"Undefined","262"
"Trial   103",13,"262",6,"Undefined","262"
"Trial    13",2,"81",1,"Undefined","81"
"Trial    28",12,"81",2,"Undefined","81"
"Trial    51",16,"81",3,"Undefined","81"
"Trial    62",5,"81",4,"Undefined","81"
"Trial    88",12,"81",5,"Undefined","81"
"Trial   108",11,"81",6,"Undefined","81"
"Trial    13",3,"120",1,"Undefined","120"
"Trial    22",11,"120",2,"Undefined","120"
"Trial    48",16,"120",3,"Undefined","120"
"Trial    67",0,"120",4,"Undefined","120"
"Trial    74",10,"120",5,"Undefined","120"
"Trial   106",9,"120",6,"Undefined","120"
"Trial    13",4,"73",1,"Undefined","73"
"Trial    29",0,"73",2,"Undefined","73"
"Trial    54",14,"73",3,"Undefined","73"
"Trial    61",16,"73",4,"Undefined","73"
"Trial    80",18,"73",5,"Undefined","73"
"Trial    91",3,"73",6,"Undefined","73"
"Trial    13",5,"7",1,"Undefined","7"
"Trial    27",10,"7",2,"Undefined","7"
"Trial    38",2,"7",3,"Undefined","7"
"Trial    62",10,"7",4,"Undefined","7"
"Trial    89",11,"7",5,"Undefined","7"
"Trial   103",12,"7",6,"Undefined","7"
"Trial    13",6,"56",1,"Undefined","56"
"Trial    24",6,"56",2,"Undefined","56"
"Trial    44",18,"56",3,"Undefined","56"
"Trial    71",18,"56",4,"Undefined","56"
"Trial    87",4,"56",5,"Undefined","56"
"Trial   108",17,"56",6,"Undefined","56"
"Trial    13",7,"275",1,"Undefined","275"
"Trial    33",10,"275",2,"Undefined","275"
"Trial    37",8,"275",3,"Undefined","275"
"Trial    69",18,"275",4,"Undefined","275"
"Trial    75",6,"275",5,"Undefined","275"
"Trial   107",11,"275",6,"Undefined","275"
"Trial    13",8,"300",1,"Undefined","300"
"Trial    34",15,"300",2,"Undefined","300"
"Trial    53",7,"300",3,"Undefined","300"
"Trial    63",15,"300",4,"Undefined","300"
"Trial    82",6,"300",5,"Undefined","300"
"Trial    91",9,"300",6,"Undefined","300"
"Trial    14",0,"332",1,"Undefined","332"
"Trial    14",4,"332",1,"Undefined","332"
"Trial    33",16,"332",2,"Undefined","332"
"Trial    43",19,"332",3,"Undefined","332"
"Trial    57",18,"332",4,"Undefined","332"
"Trial    84",5,"332",5,"Undefined","332"
"Trial    91",15,"332",6,"Undefined","332"
"Trial    14",9,"84",1,"Undefined","84"
"Trial    21",3,"84",2,"Undefined","84"
"Trial    37",15,"84",3,"Undefined","84"
"Trial    62",11,"84",4,"Undefined","84"
"Trial    81",4,"84",5,"Undefined","84"
"Trial    92",4,"84",6,"Undefined","84"
"Trial    14",10,"325",1,"Undefined","325"
"Trial    27",7,"325",2,"Undefined","325"
"Trial    46",3,"325",3,"Undefined","325"
"Trial    70",17,"325",4,"Undefined","325"
"Trial    75",13,"325",5,"Undefined","325"
"Trial    91",0,"325",6,"Undefined","325"
"Trial    14",11,"178",1,"Undefined","178"
"Trial    19",6,"178",2,"Undefined","178"
"Trial    46",4,"178",3,"Undefined","178"
"Trial    67",10,"178",4,"Undefined","178"
"Trial    79",15,"178",5,"Undefined","178"
"Trial   103",15,"178",6,"Undefined","178"
"Trial    14",12,"157",1,"Undefined","157"
"Trial    33",15,"157",2,"Undefined","157"
"Trial    44",15,"157",3,"Undefined","157"
"Trial    45",12,"157",3,"Undefined","157"
"Trial    71",8,"157",4,"Undefined","157"
"Trial    78",2,"157",5,"Undefined","157"
"Trial   103",17,"157",6,"Undefined","157"
"Trial    14",13,"241",1,"Undefined","241"
"Trial    35",3,"241",2,"Undefined","241"
"Trial    40",15,"241",3,"Undefined","241"
"Trial    56",18,"241",4,"Undefined","241"
"Trial    85",16,"241",5,"Undefined","241"
"Trial   106",17,"241",6,"Undefined","241"
"Trial    14",14,"174",1,"Undefined","174"
"Trial    29",4,"174",2,"Undefined","174"
"Trial    41",13,"174",3,"Undefined","174"
"Trial    63",1,"174",4,"Undefined","174"
"Trial    83",16,"174",5,"Undefined","174"
"Trial    92",13,"174",6,"Undefined","174"
"Trial    14",15,"188",1,"Undefined","188"
"Trial    23",18,"188",2,"Undefined","188"
"Trial    49",13,"188",3,"Undefined","188"
"Trial    49",17,"188",3,"Undefined","188"
"Trial    65",9,"188",4,"Undefined","188"
"Trial    88",9,"188",5,"Undefined","188"
"Trial    94",5,"188",6,"Undefined","188"
"Trial    14",16,"219",1,"Undefined","219"
"Trial    30",13,"219",2,"Undefined","219"
"Trial    30",16,"219",2,"Undefined","219"
"Trial    39",10,"219",3,"Undefined","219"
"Trial    60",16,"219",4,"Undefined","219"
"Trial    80",6,"219",5,"Undefined","219"
"Trial    93",18,"219",6,"Undefined","219"
"Trial    14",17,"131",1,"Undefined","131"
"Trial    22",6,"131",2,"Undefined","131"
"Trial    50",17,"131",3,"Undefined","131"
"Trial    66",9,"131",4,"Undefined","131"
"Trial    74",2,"131",5,"Undefined","131"
"Trial   102",10,"131",6,"Undefined","131"
"Trial    14",18,"329",1,"Undefined","329"
"Trial    25",13,"329",2,"Undefined","329"
"Trial    52",15,"329",3,"Undefined","329"
"Trial    55",8,"329",4,"Undefined","329"
"Trial    82",0,"329",5,"Undefined","329"
"Trial    14",1,"124",1,"Undefined","124"
"Trial    20",4,"124",2,"Undefined","124"
"Trial    51",6,"124",3,"Undefined","124"
"Trial    68",0,"124",4,"Undefined","124"
"Trial    90",7,"124",5,"Undefined","124"
"Trial    97",16,"124",6,"Undefined","124"
"Trial    14",19,"254",1,"Undefined","254"
"Trial    24",16,"254",2,"Undefined","254"
"Trial    38",19,"254",3,"Undefined","254"
"Trial    58",1,"254",4,"Undefined","254"
"Trial    83",12,"254",5,"Undefined","254"
"Trial    84",3,"254",5,"Undefined","254"
"Trial    95",13,"254",6,"Undefined","254"
"Trial    14",2,"201",1,"Undefined","201"
"Trial    31",2,"201",2,"Undefined","201"
"Trial    44",12,"201",3,"Undefined","201"
"Trial    69",4,"201",4,"Undefined","201"
"Trial    89",1,"201",5,"Undefined","201"
"Trial   108",19,"201",6,"Undefined","201"
"Trial    14",3,"9",1,"Undefined","9"
"Trial    34",5,"9",2,"Undefined","9"
"Trial    42",4,"9",3,"Undefined","9"
"Trial    61",14,"9",4,"Undefined","9"
"Trial    61",18,"9",4,"Undefined","9"
"Trial    74",6,"9",5,"Undefined","9"
"Trial    14",5,"150",1,"Undefined","150"
"Trial    19",2,"150",2,"Undefined","150"
"Trial    47",12,"150",3,"Undefined","150"
"Trial    72",12,"150",4,"Undefined","150"
"Trial    77",12,"150",5,"Undefined","150"
"Trial   101",3,"150",6,"Undefined","150"
"Trial    14",6,"36",1,"Undefined","36"
"Trial    28",8,"36",2,"Undefined","36"
"Trial    48",13,"36",3,"Undefined","36"
"Trial    64",0,"36",4,"Undefined","36"
"Trial    76",8,"36",5,"Undefined","36"
"Trial    96",11,"36",6,"Undefined","36"
"Trial    14",7,"299",1,"Undefined","299"
"Trial    32",19,"299",2,"Undefined","299"
"Trial    50",4,"299",3,"Undefined","299"
"Trial    68",12,"299",4,"Undefined","299"
"Trial    86",6,"299",5,"Undefined","299"
"Trial   108",7,"299",6,"Undefined","299"
"Trial    14",8,"59",1,"Undefined","59"
"Trial    26",19,"59",2,"Undefined","59"
"Trial    54",18,"59",3,"Undefined","59"
"Trial    70",0,"59",4,"Undefined","59"
"Trial    73",13,"59",5,"Undefined","59"
"Trial   103",5,"59",6,"Undefined","59"
"Trial    15",0,"149",1,"Undefined","149"
"Trial    22",13,"149",2,"Undefined","149"
"Trial    55",2,"149",4,"Undefined","149"
"Trial    88",10,"149",5,"Undefined","149"
"Trial   104",8,"149",6,"Undefined","149"
"Trial    15",9,"360",1,"Undefined","360"
"Trial    23",10,"360",2,"Undefined","360"
"Trial    51",17,"360",3,"Undefined","360"
"Trial    56",3,"360",4,"Undefined","360"
"Trial    89",6,"360",5,"Undefined","360"
"Trial   101",13,"360",6,"Undefined","360"
"Trial    15",10,"197",1,"Undefined","197"
"Trial    25",0,"197",2,"Undefined","197"
"Trial    46",15,"197",3,"Undefined","197"
"Trial    63",0,"197",4,"Undefined","197"
"Trial    89",0,"197",5,"Undefined","197"
"Trial   100",3,"197",6,"Undefined","197"
"Trial    15",11,"3",1,"Undefined","3"
"Trial    27",0,"3",2,"Undefined","3"
"Trial    43",18,"3",3,"Undefined","3"
"Trial    58",11,"3",4,"Undefined","3"
"Trial    85",8,"3",5,"Undefined","3"
"Trial   102",5,"3",6,"Undefined","3"
"Trial    15",12,"39",1,"Undefined","39"
"Trial    36",2,"39",2,"Undefined","39"
"Trial    45",17,"39",3,"Undefined","39"
"Trial    65",17,"39",4,"Undefined","39"
"Trial    74",1,"39",5,"Undefined","39"
"Trial   103",0,"39",6,"Undefined","39"
"Trial    15",13,"8",1,"Undefined","8"
"Trial    28",19,"8",2,"Undefined","8"
"Trial    53",0,"8",3,"Undefined","8"
"Trial    59",16,"8",4,"Undefined","8"
"Trial    59",7,"8",4,"Undefined","8"
"Trial    80",17,"8",5,"Undefined","8"
"Trial   107",0,"8",6,"Undefined","8"
"Trial    15",14,"260",1,"Undefined","260"
"Trial    29",13,"260",2,"Undefined","260"
"Trial    40",11,"260",3,"Undefined","260"
"Trial    60",1,"260",4,"Undefined","260"
"Trial    86",9,"260",5,"Undefined","260"
"Trial   104",3,"260",6,"Undefined","260"
"Trial    15",15,"220",1,"Undefined","220"
"Trial    30",4,"220",2,"Undefined","220"
"Trial    42",2,"220",3,"Undefined","220"
"Trial    72",5,"220",4,"Undefined","220"
"Trial    75",2,"220",5,"Undefined","220"
"Trial   108",6,"220",6,"Undefined","220"
"Trial    15",16,"216",1,"Undefined","216"
"Trial    36",1,"216",2,"Undefined","216"
"Trial    50",1,"216",3,"Undefined","216"
"Trial    57",13,"216",4,"Undefined","216"
"Trial    82",2,"216",5,"Undefined","216"
"Trial   107",14,"216",6,"Undefined","216"
"Trial    15",17,"80",1,"Undefined","80"
"Trial    26",8,"80",2,"Undefined","80"
"Trial    52",2,"80",3,"Undefined","80"
"Trial    68",1,"80",4,"Undefined","80"
"Trial    80",3,"80",5,"Undefined","80"
"Trial   100",2,"80",6,"Undefined","80"
"Trial    15",18,"52",1,"Undefined","52"
"Trial    31",5,"52",2,"Undefined","52"
"Trial    38",15,"52",3,"Undefined","52"
"Trial    67",14,"52",4,"Undefined","52"
"Trial    77",3,"52",5,"Undefined","52"
"Trial   101",12,"52",6,"Undefined","52"
"Trial    15",1,"6",1,"Undefined","6"
"Trial    35",1,"6",2,"Undefined","6"
"Trial    54",9,"6",3,"Undefined","6"
"Trial    69",14,"6",4,"Undefined","6"
"Trial    73",3,"6",5,"Undefined","6"
"Trial   107",7,"6",6,"Undefined","6"
"Trial    15",19,"204",1,"Undefined","204"
"Trial    32",7,"204",2,"Undefined","204"
"Trial    49",14,"204",3,"Undefined","204"
"Trial    61",7,"204",4,"Undefined","204"
"Trial    83",1,"204",5,"Undefined","204"
"Trial   107",17,"204",6,"Undefined","204"
"Trial    15",2,"128",1,"Undefined","128"
"Trial    33",13,"128",2,"Undefined","128"
"Trial    51",9,"128",3,"Undefined","128"
"Trial    69",15,"128",4,"Undefined","128"
"Trial    87",8,"128",5,"Undefined","128"
"Trial    98",4,"128",6,"Undefined","128"
"Trial    15",3,"30",1,"Undefined","30"
"Trial    20",9,"30",2,"Undefined","30"
"Trial    47",16,"30",3,"Undefined","30"
"Trial    64",14,"30",4,"Undefined","30"
"Trial    78",10,"30",5,"Undefined","30"
"Trial   105",17,"30",6,"Undefined","30"
"Trial    15",4,"109",1,"Undefined","109"
"Trial    17",17,"109",1,"Undefined","109"
"Trial    21",4,"109",2,"Undefined","109"
"Trial    41",5,"109",3,"Undefined","109"
"Trial    71",15,"109",4,"Undefined","109"
"Trial    84",19,"109",5,"Undefined","109"
"Trial   102",14,"109",6,"Undefined","109"
"Trial    15",5,"341",1,"Undefined","341"
"Trial    24",2,"341",2,"Undefined","341"
"Trial    37",9,"341",3,"Undefined","341"
"Trial    61",17,"341",4,"Undefined","341"
"Trial   106",2,"341",6,"Undefined","341"
"Trial    15",6,"49",1,"Undefined","49"
"Trial    22",19,"49",2,"Undefined","49"
"Trial    49",7,"49",3,"Undefined","49"
"Trial    66",19,"49",4,"Undefined","49"
"Trial    81",0,"49",5,"Undefined","49"
"Trial   100",13,"49",6,"Undefined","49"
"Trial    15",7,"103",1,"Undefined","103"
"Trial    19",9,"103",2,"Undefined","103"
"Trial    40",9,"103",3,"Undefined","103"
"Trial    70",9,"103",4,"Undefined","103"
"Trial    90",2,"103",5,"Undefined","103"
"Trial    95",5,"103",6,"Undefined","103"
"Trial    15",8,"315",1,"Undefined","315"
"Trial    34",13,"315",2,"Undefined","315"
"Trial    48",15,"315",3,"Undefined","315"
"Trial    62",18,"315",4,"Undefined","315"
"Trial    79",13,"315",5,"Undefined","315"
"Trial   104",15,"315",6,"Undefined","315"
"Trial    16",0,"13",1,"Undefined","13"
"Trial    33",5,"13",2,"Undefined","13"
"Trial    52",14,"13",3,"Undefined","13"
"Trial    60",6,"13",4,"Undefined","13"
"Trial    82",7,"13",5,"Undefined","13"
"Trial   106",3,"13",6,"Undefined","13"
"Trial    16",9,"192",1,"Undefined","192"
"Trial    35",14,"192",2,"Undefined","192"
"Trial    45",11,"192",3,"Undefined","192"
"Trial    45",7,"192",3,"Undefined","192"
"Trial    55",0,"192",4,"Undefined","192"
"Trial    86",3,"192",5,"Undefined","192"
"Trial    87",18,"192",5,"Undefined","192"
"Trial   101",18,"192",6,"Undefined","192"
"Trial    16",10,"313",1,"Undefined","313"
"Trial    19",3,"313",2,"Undefined","313"
"Trial    39",3,"313",3,"Undefined","313"
"Trial    58",9,"313",4,"Undefined","313"
"Trial    82",1,"313",5,"Undefined","313"
"Trial    93",12,"313",6,"Undefined","313"
"Trial    16",11,"267",1,"Undefined","267"
"Trial    26",16,"267",2,"Undefined","267"
"Trial    53",16,"267",3,"Undefined","267"
"Trial    61",8,"267",4,"Undefined","267"
"Trial    85",14,"267",5,"Undefined","267"
"Trial   105",18,"267",6,"Undefined","267"
"Trial    16",12,"294",1,"Undefined","294"
"Trial    25",7,"294",2,"Undefined","294"
"Trial    40",16,"294",3,"Undefined","294"
"Trial    66",7,"294",4,"Undefined","294"
"Trial    78",19,"294",5,"Undefined","294"
"Trial   102",4,"294",6,"Undefined","294"
"Trial    16",13,"213",1,"Undefined","213"
"Trial    34",8,"213",2,"Undefined","213"
"Trial    52",5,"213",3,"Undefined","213"
"Trial    70",14,"213",4,"Undefined","213"
"Trial    88",8,"213",5,"Undefined","213"
"Trial   102",7,"213",6,"Undefined","213"
"Trial    16",14,"136",1,"Undefined","136"
"Trial    25",2,"136",2,"Undefined","136"
"Trial    41",12,"136",3,"Undefined","136"
"Trial    67",13,"136",4,"Undefined","136"
"Trial    75",17,"136",5,"Undefined","136"
"Trial    99",9,"136",6,"Undefined","136"
"Trial    16",15,"100",1,"Undefined","100"
"Trial    17",15,"100",1,"Undefined","100"
"Trial    29",5,"100",2,"Undefined","100"
"Trial    42",12,"100",3,"Undefined","100"
"Trial    65",18,"100",4,"Undefined","100"
"Trial    87",15,"100",5,"Undefined","100"
"Trial    98",3,"100",6,"Undefined","100"
"Trial    16",16,"117",1,"Undefined","117"
"Trial    31",19,"117",2,"Undefined","117"
"Trial    51",4,"117",3,"Undefined","117"
"Trial    64",17,"117",4,"Undefined","117"
"Trial    80",9,"117",5,"Undefined","117"
"Trial   108",13,"117",6,"Undefined","117"
"Trial    16",17,"291",1,"Undefined","291"
"Trial    23",12,"291",2,"Undefined","291"
"Trial    47",18,"291",3,"Undefined","291"
"Trial    55",17,"291",4,"Undefined","291"
"Trial    84",8,"291",5,"Undefined","291"
"Trial    93",14,"291",6,"Undefined","291"
"Trial    16",18,"107",1,"Undefined","107"
"Trial    32",0,"107",2,"Undefined","107"
"Trial    38",14,"107",3,"Undefined","107"
"Trial    63",11,"107",4,"Undefined","107"
"Trial    90",3,"107",5,"Undefined","107"
"Trial   103",8,"107",6,"Undefined","107"
"Trial    16",1,"307",1,"Undefined","307"
"Trial    32",2,"307",2,"Undefined","307"
"Trial    47",11,"307",3,"Undefined","307"
"Trial    62",1,"307",4,"Undefined","307"
"Trial    76",16,"307",5,"Undefined","307"
"Trial    16",19,"147",1,"Undefined","147"
"Trial    27",13,"147",2,"Undefined","147"
"Trial    50",14,"147",3,"Undefined","147"
"Trial    72",8,"147",4,"Undefined","147"
"Trial    79",9,"147",5,"Undefined","147"
"Trial    99",0,"147",6,"Undefined","147"
"Trial    16",2,"274",1,"Undefined","274"
"Trial    22",17,"274",2,"Undefined","274"
"Trial    37",2,"274",3,"Undefined","274"
"Trial    68",11,"274",4,"Undefined","274"
"Trial    83",8,"274",5,"Undefined","274"
"Trial   102",19,"274",6,"Undefined","274"
"Trial    16",3,"270",1,"Undefined","270"
"Trial    28",10,"270",2,"Undefined","270"
"Trial    43",14,"270",3,"Undefined","270"
"Trial    70",19,"270",4,"Undefined","270"
"Trial    81",18,"270",5,"Undefined","270"
"Trial    98",10,"270",6,"Undefined","270"
"Trial    16",4,"350",1,"Undefined","350"
"Trial    20",0,"350",2,"Undefined","350"
"Trial    54",4,"350",3,"Undefined","350"
"Trial    59",14,"350",4,"Undefined","350"
"Trial    74",17,"350",5,"Undefined","350"
"Trial    94",2,"350",6,"Undefined","350"
"Trial    16",5,"209",1,"Undefined","209"
"Trial    24",9,"209",2,"Undefined","209"
"Trial    48",3,"209",3,"Undefined","209"
"Trial    57",5,"209",4,"Undefined","209"
"Trial    89",17,"209",5,"Undefined","209"
"Trial   100",18,"209",6,"Undefined","209"
"Trial    16",6,"114",1,"Undefined","114"
"Trial    36",15,"114",2,"Undefined","114"
"Trial    44",2,"114",3,"Undefined","114"
"Trial    56",11,"114",4,"Undefined","114"
"Trial    73",6,"114",5,"Undefined","114"
"Trial   104",9,"114",6,"Undefined","114"
"Trial    16",7,"263",1,"Undefined","263"
"Trial    30",10,"263",2,"Undefined","263"
"Trial    50",7,"263",3,"Undefined","263"
"Trial    71",19,"263",4,"Undefined","263"
"Trial    77",9,"263",5,"Undefined","263"
"Trial   107",13,"263",6,"Undefined","263"
"Trial    16",8,"252",1,"Undefined","252"
"Trial    21",1,"252",2,"Undefined","252"
"Trial    46",19,"252",3,"Undefined","252"
"Trial    69",19,"252",4,"Undefined","252"
"Trial    74",3,"252",5,"Undefined","252"
"Trial   107",1,"252",6,"Undefined","252"
"Trial   107",4,"252",6,"Undefined","252"
"Trial    17",0,"58",1,"Undefined","58"
"Trial    32",8,"58",2,"Undefined","58"
"Trial    44",17,"58",3,"Undefined","58"
"Trial    72",14,"58",4,"Undefined","58"
"Trial    74",13,"58",5,"Undefined","58"
"Trial    91",1,"58",6,"Undefined","58"
"Trial    17",9,"348",1,"Undefined","348"
"Trial    21",6,"348",2,"Undefined","348"
"Trial    48",5,"348",3,"Undefined","348"
"Trial    48",7,"348",3,"Undefined","348"
"Trial    68",16,"348",4,"Undefined","348"
"Trial    88",16,"348",5,"Undefined","348"
"Trial    97",6,"348",6,"Undefined","348"
"Trial    17",10,"67",1,"Undefined","67"
"Trial    19",17,"67",2,"Undefined","67"
"Trial    43",16,"67",3,"Undefined","67"
"Trial    60",9,"67",4,"Undefined","67"
"Trial    87",16,"67",5,"Undefined","67"
"Trial    97",7,"67",6,"Undefined","67"
"Trial    17",11,"162",1,"Undefined","162"
"Trial    35",7,"162",2,"Undefined","162"
"Trial    53",1,"162",3,"Undefined","162"
"Trial    71",3,"162",4,"Undefined","162"
"Trial    89",5,"162",5,"Undefined","162"
"Trial    95",12,"162",6,"Undefined","162"
"Trial    17",12,"238",1,"Undefined","238"
"Trial    34",12,"238",2,"Undefined","238"
"Trial    50",16,"238",3,"Undefined","238"
"Trial    55",15,"238",4,"Undefined","238"
"Trial    90",13,"238",5,"Undefined","238"
"Trial   107",9,"238",6,"Undefined","238"
"Trial    17",13,"19",1,"Undefined","19"
"Trial    31",9,"19",2,"Undefined","19"
"Trial    37",18,"19",3,"Undefined","19"
"Trial    66",6,"19",4,"Undefined","19"
"Trial    79",10,"19",5,"Undefined","19"
"Trial   104",1,"19",6,"Undefined","19"
"Trial    17",14,"177",1,"Undefined","177"
"Trial    33",6,"177",2,"Undefined","177"
"Trial    46",7,"177",3,"Undefined","177"
"Trial    56",10,"177",4,"Undefined","177"
"Trial    87",14,"177",5,"Undefined","177"
"Trial    94",10,"177",6,"Undefined","177"
"Trial    17",16,"102",1,"Undefined","102"
"Trial    29",2,"102",2,"Undefined","102"
"Trial    64",5,"102",4,"Undefined","102"
"Trial    75",14,"102",5,"Undefined","102"
"Trial   102",12,"102",6,"Undefined","102"
"Trial    17",18,"327",1,"Undefined","327"
"Trial    26",9,"327",2,"Undefined","327"
"Trial    40",18,"327",3,"Undefined","327"
"Trial    59",1,"327",4,"Undefined","327"
"Trial    84",2,"327",5,"Undefined","327"
"Trial   102",18,"327",6,"Undefined","327"
"Trial    17",1,"21",1,"Undefined","21"
"Trial    27",5,"21",2,"Undefined","21"
"Trial    42",7,"21",3,"Undefined","21"
"Trial    61",9,"21",4,"Undefined","21"
"Trial    61",1,"21",4,"Undefined","21"
"Trial    77",18,"21",5,"Undefined","21"
"Trial    97",1,"21",6,"Undefined","21"
"Trial    17",19,"304",1,"Undefined","304"
"Trial    20",5,"304",2,"Undefined","304"
"Trial    40",10,"304",3,"Undefined","304"
"Trial    67",7,"304",4,"Undefined","304"
"Trial    86",12,"304",5,"Undefined","304"
"Trial   103",3,"304",6,"Undefined","304"
"Trial    17",2,"248",1,"Undefined","248"
"Trial    24",10,"248",2,"Undefined","248"
"Trial    53",5,"248",3,"Undefined","248"
"Trial    70",13,"248",4,"Undefined","248"
"Trial    79",3,"248",5,"Undefined","248"
"Trial   108",10,"248",6,"Undefined","248"
"Trial    17",3,"186",1,"Undefined","186"
"Trial    28",11,"186",2,"Undefined","186"
"Trial    41",16,"186",3,"Undefined","186"
"Trial    69",12,"186",4,"Undefined","186"
"Trial    85",10,"186",5,"Undefined","186"
"Trial   101",14,"186",6,"Undefined","186"
"Trial    17",4,"44",1,"Undefined","44"
"Trial    21",16,"44",2,"Undefined","44"
"Trial    38",4,"44",3,"Undefined","44"
"Trial    63",16,"44",4,"Undefined","44"
"Trial    73",11,"44",5,"Undefined","44"
"Trial    99",7,"44",6,"Undefined","44"
"Trial    17",5,"4",1,"Undefined","4"
"Trial    36",0,"4",2,"Undefined","4"
"Trial    47",0,"4",3,"Undefined","4"
"Trial    67",12,"4",4,"Undefined","4"
"Trial    80",14,"4",5,"Undefined","4"
"Trial    93",11,"4",6,"Undefined","4"
"Trial    17",6,"256",1,"Undefined","256"
"Trial    22",0,"256",2,"Undefined","256"
"Trial    52",1,"256",3,"Undefined","256"
"Trial    58",12,"256",4,"Undefined","256"
"Trial    78",0,"256",5,"Undefined","256"
"Trial    95",17,"256",6,"Undefined","256"
"Trial    17",7,"179",1,"Undefined","179"
"Trial    26",3,"179",2,"Undefined","179"
"Trial    51",18,"179",3,"Undefined","179"
"Trial    65",11,"179",4,"Undefined","179"
"Trial    82",3,"179",5,"Undefined","179"
"Trial   101",10,"179",6,"Undefined","179"
"Trial    17",8,"127",1,"Undefined","127"
"Trial    25",1,"127",2,"Undefined","127"
"Trial    39",16,"127",3,"Undefined","127"
"Trial    71",5,"127",4,"Undefined","127"
"Trial    83",9,"127",5,"Undefined","127"
"Trial    93",17,"127",6,"Undefined","127"
"Trial    18",0,"26",1,"Undefined","26"
"Trial    27",1,"26",2,"Undefined","26"
"Trial    49",19,"26",3,"Undefined","26"
"Trial    68",19,"26",4,"Undefined","26"
"Trial    75",5,"26",5,"Undefined","26"
"Trial    18",9,"41",1,"Undefined","41"
"Trial    23",15,"41",2,"Undefined","41"
"Trial    42",1,"41",3,"Undefined","41"
"Trial    58",3,"41",4,"Undefined","41"
"Trial    79",16,"41",5,"Undefined","41"
"Trial   106",8,"41",6,"Undefined","41"
"Trial    18",10,"2",1,"Undefined","2"
"Trial    23",0,"2",2,"Undefined","2"
"Trial    48",2,"2",3,"Undefined","2"
"Trial    56",5,"2",4,"Undefined","2"
"Trial    86",15,"2",5,"Undefined","2"
"Trial    95",1,"2",6,"Undefined","2"
"Trial    18",11,"144",1,"Undefined","144"
"Trial    28",9,"144",2,"Undefined","144"
"Trial    40",4,"144",3,"Undefined","144"
"Trial    63",4,"144",4,"Undefined","144"
"Trial    77",4,"144",5,"Undefined","144"
"Trial    98",8,"144",6,"Undefined","144"
"Trial    18",12,"169",1,"Undefined","169"
"Trial    30",14,"169",2,"Undefined","169"
"Trial    30",3,"169",2,"Undefined","169"
"Trial    53",9,"169",3,"Undefined","169"
"Trial    66",10,"169",4,"Undefined","169"
"Trial    88",19,"169",5,"Undefined","169"
"Trial    94",6,"169",6,"Undefined","169"
"Trial    18",13,"50",1,"Undefined","50"
"Trial    31",3,"50",2,"Undefined","50"
"Trial    39",9,"50",3,"Undefined","50"
"Trial    70",11,"50",4,"Undefined","50"
"Trial    78",16,"50",5,"Undefined","50"
"Trial   105",11,"50",6,"Undefined","50"
"Trial    18",14,"271",1,"Undefined","271"
"Trial    20",19,"271",2,"Undefined","271"
"Trial    46",0,"271",3,"Undefined","271"
"Trial    55",6,"271",4,"Undefined","271"
"Trial    83",2,"271",5,"Undefined","271"
"Trial   105",1,"271",6,"Undefined","271"
"Trial    18",15,"233",1,"Undefined","233"
"Trial    19",0,"233",2,"Undefined","233"
"Trial    50",6,"233",3,"Undefined","233"
"Trial    62",17,"233",4,"Undefined","233"
"Trial    89",18,"233",5,"Undefined","233"
"Trial   101",11,"233",6,"Undefined","233"
"Trial    18",16,"309",1,"Undefined","309"
"Trial    36",11,"309",2,"Undefined","309"
"Trial    54",13,"309",3,"Undefined","309"
"Trial    72",13,"309",4,"Undefined","309"
"Trial    90",10,"309",5,"Undefined","309"
"Trial    94",8,"309",6,"Undefined","309"
"Trial    18",17,"145",1,"Undefined","145"
"Trial    21",0,"145",2,"Undefined","145"
"Trial    37",0,"145",3,"Undefined","145"
"Trial    72",3,"145",4,"Undefined","145"
"Trial    76",12,"145",5,"Undefined","145"
"Trial    76",17,"145",5,"Undefined","145"
"Trial   104",18,"145",6,"Undefined","145"
"Trial    18",18,"42",1,"Undefined","42"
"Trial    33",0,"42",2,"Undefined","42"
"Trial    48",1,"42",3,"Undefined","42"
"Trial    63",13,"42",4,"Undefined","42"
"Trial    80",7,"42",5,"Undefined","42"
"Trial   108",2,"42",6,"Undefined","42"
"Trial   108",4,"42",6,"Undefined","42"
"Trial    18",1,"340",1,"Undefined","340"
"Trial    22",3,"340",2,"Undefined","340"
"Trial    41",6,"340",3,"Undefined","340"
"Trial    61",11,"340",4,"Undefined","340"
"Trial    73",18,"340",5,"Undefined","340"
"Trial    96",5,"340",6,"Undefined","340"
"Trial    18",19,"221",1,"Undefined","221"
"Trial    19",12,"221",2,"Undefined","221"
"Trial    51",1,"221",3,"Undefined","221"
"Trial    65",7,"221",4,"Undefined","221"
"Trial    85",17,"221",5,"Undefined","221"
"Trial   101",4,"221",6,"Undefined","221"
"Trial    18",2,"125",1,"Undefined","125"
"Trial    34",1,"125",2,"Undefined","125"
"Trial    54",5,"125",3,"Undefined","125"
"Trial    71",4,"125",4,"Undefined","125"
"Trial    75",3,"125",5,"Undefined","125"
"Trial   102",2,"125",6,"Undefined","125"
"Trial    18",3,"232",1,"Undefined","232"
"Trial    29",18,"232",2,"Undefined","232"
"Trial    52",13,"232",3,"Undefined","232"
"Trial    57",11,"232",4,"Undefined","232"
"Trial    74",9,"232",5,"Undefined","232"
"Trial   106",18,"232",6,"Undefined","232"
"Trial   106",19,"232",6,"Undefined","232"
"Trial    18",4,"277",1,"Undefined","277"
"Trial    32",12,"277",2,"Undefined","277"
"Trial    45",15,"277",3,"Undefined","277"
"Trial    59",8,"277",4,"Undefined","277"
"Trial    84",1,"277",5,"Undefined","277"
"Trial    96",6,"277",6,"Undefined","277"
"Trial    18",5,"279",1,"Undefined","279"
"Trial    35",0,"279",2,"Undefined","279"
"Trial    44",13,"279",3,"Undefined","279"
"Trial   104",4,"279",6,"Undefined","279"
"Trial    18",6,"79",1,"Undefined","79"
"Trial    26",7,"79",2,"Undefined","79"
"Trial    41",19,"79",3,"Undefined","79"
"Trial    64",8,"79",4,"Undefined","79"
"Trial    87",7,"79",5,"Undefined","79"
"Trial    99",1,"79",6,"Undefined","79"
"Trial    18",7,"224",1,"Undefined","224"
"Trial    25",6,"224",2,"Undefined","224"
"Trial    38",16,"224",3,"Undefined","224"
"Trial    60",10,"224",4,"Undefined","224"
"Trial    81",6,"224",5,"Undefined","224"
"Trial   107",3,"224",6,"Undefined","224"
"Trial    18",8,"282",1,"Undefined","282"
"Trial    24",0,"282",2,"Undefined","282"
"Trial    43",7,"282",3,"Undefined","282"
"Trial    69",3,"282",4,"Undefined","282"
"Trial    78",13,"282",5,"Undefined","282"
"Trial    92",9,"282",6,"Undefined","282"
"Trial    19",7,"235",2,"Undefined","235"
"Trial    37",10,"235",3,"Undefined","235"
"Trial    55",16,"235",4,"Undefined","235"
"Trial    73",7,"235",5,"Undefined","235"
"Trial    97",13,"235",6,"Undefined","235"
"Trial    20",11,"108",2,"Undefined","108"
"Trial    39",14,"108",3,"Undefined","108"
"Trial    56",4,"108",4,"Undefined","108"
"Trial    79",7,"108",5,"Undefined","108"
"Trial    92",18,"108",6,"Undefined","108"
"Trial    92",6,"108",6,"Undefined","108"
"Trial    21",17,"250",2,"Undefined","250"
"Trial    42",18,"250",3,"Undefined","250"
"Trial    66",3,"250",4,"Undefined","250"
"Trial    85",5,"250",5,"Undefined","250"
"Trial    96",7,"250",6,"Undefined","250"
"Trial    22",9,"202",2,"Undefined","202"
"Trial    51",15,"202",3,"Undefined","202"
"Trial    51",2,"202",3,"Undefined","202"
"Trial    60",15,"202",4,"Undefined","202"
"Trial    75",16,"202",5,"Undefined","202"
"Trial    94",3,"202",6,"Undefined","202"
"Trial    96",4,"202",6,"Undefined","202"
"Trial    22",18,"217",2,"Undefined","217"
"Trial    54",2,"217",3,"Undefined","217"
"Trial    62",12,"217",4,"Undefined","217"
"Trial    62",13,"217",4,"Undefined","217"
"Trial    84",9,"217",5,"Undefined","217"
"Trial   107",18,"217",6,"Undefined","217"
"Trial    23",14,"88",2,"Undefined","88"
"Trial    52",18,"88",3,"Undefined","88"
"Trial    63",8,"88",4,"Undefined","88"
"Trial    76",19,"88",5,"Undefined","88"
"Trial    76",4,"88",5,"Undefined","88"
"Trial    98",9,"88",6,"Undefined","88"
"Trial    23",3,"164",2,"Undefined","164"
"Trial    54",15,"164",3,"Undefined","164"
"Trial    57",19,"164",4,"Undefined","164"
"Trial    81",12,"164",5,"Undefined","164"
"Trial    24",13,"69",2,"Undefined","69"
"Trial    52",6,"69",3,"Undefined","69"
"Trial    67",1,"69",4,"Undefined","69"
"Trial    90",15,"69",5,"Undefined","69"
"Trial   104",17,"69",6,"Undefined","69"
"Trial    25",8,"98",2,"Undefined","98"
"Trial    37",14,"98",3,"Undefined","98"
"Trial    57",4,"98",4,"Undefined","98"
"Trial    83",17,"98",5,"Undefined","98"
"Trial   100",14,"98",6,"Undefined","98"
"Trial    26",5,"284",2,"Undefined","284"
"Trial    43",2,"284",3,"Undefined","284"
"Trial    65",15,"284",4,"Undefined","284"
"Trial    89",10,"284",5,"Undefined","284"
"Trial    92",5,"284",6,"Undefined","284"
"Trial    27",18,"189",2,"Undefined","189"
"Trial    53",17,"189",3,"Undefined","189"
"Trial    64",3,"189",4,"Undefined","189"
"Trial    86",4,"189",5,"Undefined","189"
"Trial   100",17,"189",6,"Undefined","189"
"Trial    28",16,"63",2,"Undefined","63"
"Trial    45",1,"63",3,"Undefined","63"
"Trial    72",18,"63",4,"Undefined","63"
"Trial    82",16,"63",5,"Undefined","63"
"Trial   106",10,"63",6,"Undefined","63"
"Trial   106",13,"63",6,"Undefined","63"
"Trial    29",16,"28",2,"Undefined","28"
"Trial    40",0,"28",3,"Undefined","28"
"Trial    55",4,"28",4,"Undefined","28"
"Trial    77",16,"28",5,"Undefined","28"
"Trial    91",14,"28",6,"Undefined","28"
"Trial    30",8,"288",2,"Undefined","288"
"Trial    47",6,"288",3,"Undefined","288"
"Trial    61",19,"288",4,"Undefined","288"
"Trial    82",8,"288",5,"Undefined","288"
"Trial    98",1,"288",6,"Undefined","288"
"Trial    31",14,"359",2,"Undefined","359"
"Trial    41",11,"359",3,"Undefined","359"
"Trial    68",6,"359",4,"Undefined","359"
"Trial    88",6,"359",5,"Undefined","359"
"Trial   103",11,"359",6,"Undefined","359"
"Trial    32",3,"283",2,"Undefined","283"
"Trial    48",18,"283",3,"Undefined","283"
"Trial    69",2,"283",4,"Undefined","283"
"Trial    83",7,"283",5,"Undefined","283"
"Trial   104",16,"283",6,"Undefined","283"
"Trial    33",7,"322",2,"Undefined","322"
"Trial    50",13,"322",3,"Undefined","322"
"Trial    70",18,"322",4,"Undefined","322"
"Trial    74",5,"322",5,"Undefined","322"
"Trial   108",14,"322",6,"Undefined","322"
"Trial    34",10,"166",2,"Undefined","166"
"Trial    46",17,"166",3,"Undefined","166"
"Trial    59",2,"166",4,"Undefined","166"
"Trial    81",14,"166",5,"Undefined","166"
"Trial    94",12,"166",6,"Undefined","166"
"Trial    34",7,"236",2,"Undefined","236"
"Trial    38",6,"236",3,"Undefined","236"
"Trial    71",14,"236",4,"Undefined","236"
"Trial    87",1,"236",5,"Undefined","236"
"Trial    91",6,"236",6,"Undefined","236"
"Trial    35",4,"321",2,"Undefined","321"
"Trial    35",5,"214",2,"Undefined","214"
"Trial    49",8,"214",3,"Undefined","214"
"Trial    58",8,"214",4,"Undefined","214"
"Trial    80",11,"214",5,"Undefined","214"
"Trial    98",14,"214",6,"Undefined","214"
"Trial    36",9,"314",2,"Undefined","314"
"Trial    37",11,"314",3,"Undefined","314"
"Trial    38",7,"314",3,"Undefined","314"
"Trial    68",15,"314",4,"Undefined","314"
"Trial    78",17,"314",5,"Undefined","314"
"Trial   107",16,"314",6,"Undefined","314"
"Trial    36",16,"72",2,"Undefined","72"
"Trial   103",18,"72",6,"Undefined","72"
"Trial    36",8,"66",2,"Undefined","66"
"Trial    43",10,"66",3,"Undefined","66"
"Trial    64",4,"66",4,"Undefined","66"
"Trial    85",4,"66",5,"Undefined","66"
"Trial    97",17,"66",6,"Undefined","66"
"Trial    67",11,"col",4,"Undefined","col"
"Trial    97",5,"342",6,"Undefined","342"
