Trial,Arena,Genotype,Plant
Trial    95,19,23,6
Trial    98,18,14,6
Trial    91,3,73,6
Trial    77,5,251,5
Trial    73,7,235,5
Trial    66,2,137,4
Trial    96,11,36,6
Trial    45,7,192,3
Trial    64,13,249,4
Trial    58,3,41,4
Trial    84,15,87,5
Trial    59,18,115,4
Trial    85,1,38,5
Trial   107,3,224,6
Trial    42,13,48,3
Trial    22,10,11,2
Trial    68,10,87,4
Trial    14,9,84,1
Trial    11,5,146,1
Trial    28,4,129,2
Trial     6,4,171,1
Trial    62,11,84,4
Trial    21,13,242,2
Trial    40,11,260,3
Trial    51,14,55,3
Trial    80,13,297,5
Trial    70,13,248,4
Trial    41,2,85,3
Trial    47,8,199,3
Trial   103,15,178,6
Trial    72,12,150,4
Trial    59,8,277,4
Trial    24,18,122,2
Trial     7,8,206,1
Trial    51,16,81,3
Trial    77,9,263,5
Trial    78,1,134,5
Trial    91,1,58,6
Trial    53,19,337,3
Trial    63,8,88,4
Trial    61,17,341,4
Trial    37,0,145,3
Trial    62,15,272,4
Trial     7,18,326,1
Trial    40,15,241,3
Trial     6,9,205,1
Trial    49,14,204,3
Trial    47,6,288,3
Trial    36,7,34,2
Trial    96,16,264,6
Trial    59,10,194,4
Trial    14,13,241,1
Trial   108,13,117,6
Trial    98,0,22,6
Trial    32,14,245,2
Trial    23,2,345,2
Trial    91,10,269,6
Trial    22,15,141,2
Trial    96,1,338,6
Trial    74,18,71,5
Trial    29,3,240,2
Trial    17,6,256,1
Trial    69,1,24,4
Trial    18,17,145,1
Trial    96,3,319,6
Trial    30,5,104,2
Trial    72,8,147,4
Trial    46,13,89,3
Trial    19,14,194,2
Trial    13,3,120,1
Trial    48,14,297,3
Trial    31,17,123,2
Trial   100,4,356,6
Trial    13,4,73,1
Trial    37,10,235,3
Trial    39,7,163,3
Trial    32,12,277,2
Trial    61,1,21,4
Trial    47,5,137,3
Trial   105,19,240,6
Trial    42,3,12,3
Trial     7,13,129,1
Trial    13,13,237,1
Trial    52,16,346,3
Trial    76,7,303,5
Trial     9,17,193,1
Trial    17,14,177,1
Trial    86,13,115,5
Trial   105,9,353,6
Trial    50,8,62,3
Trial    35,17,31,2
Trial    36,11,309,2
Trial   103,1,89,6
Trial    50,19,228,3
Trial    70,6,10,4
Trial   100,12,158,6
Trial    28,9,144,2
Trial    59,6,134,4
Trial    17,15,100,1
Trial    60,17,317,4
Trial    55,9,116,4
Trial    85,19,324,5
Trial    27,5,21,2
Trial    74,17,350,5
Trial    31,15,112,2
Trial   107,9,238,6
Trial   103,10,159,6
Trial    93,11,4,6
Trial    77,11,239,5
Trial    51,12,257,3
Trial    47,15,358,3
Trial     5,7,75,1
Trial   105,10,190,6
Trial    62,12,217,4
Trial   101,7,129,6
Trial   105,18,267,6
Trial    52,3,223,3
Trial    46,0,271,3
Trial    73,0,175,5
Trial    62,7,38,4
Trial    27,8,334,2
Trial   106,8,41,6
Trial    28,18,90,2
Trial    43,1,53,3
Trial    29,14,264,2
Trial    44,2,114,3
Trial     5,0,355,1
Trial    69,15,128,4
Trial    66,7,294,4
Trial    70,12,135,4
Trial    58,19,266,4
Trial     7,11,62,1
Trial    69,9,82,4
Trial     2,3,296,1
Trial    10,10,215,1
Trial    53,12,234,3
Trial    16,3,270,1
Trial    40,19,286,3
Trial     7,14,180,1
Trial     7,1,159,1
Trial    27,7,325,2
Trial    81,3,295,5
Trial   101,9,168,6
Trial    18,11,144,1
Trial    54,5,125,3
Trial    65,12,146,4
Trial    89,0,197,5
Trial     2,9,76,1
Trial    77,6,74,5
Trial    19,6,178,2
Trial    17,16,102,1
Trial    95,16,333,6
Trial    50,5,14,3
Trial    27,2,289,2
Trial     4,12,133,1
Trial    94,8,309,6
Trial    14,4,332,1
Trial     3,11,351,1
Trial     9,1,357,1
Trial    75,8,351,5
Trial    86,2,173,5
Trial    12,1,113,1
Trial     7,15,240,1
Trial    53,11,91,3
Trial   107,16,314,6
Trial    77,13,281,5
Trial    62,19,211,4
Trial    19,18,353,2
Trial    46,16,222,3
Trial    82,8,288,5
Trial    18,13,50,1
Trial    28,17,160,2
Trial   103,0,39,6
Trial    18,8,282,1
Trial   100,15,86,6
Trial    39,18,269,3
Trial    34,6,25,2
Trial    58,6,92,4
Trial    40,1,176,3
Trial    14,17,131,1
Trial     3,15,61,1
Trial    77,19,64,5
Trial     9,19,310,1
Trial    98,9,88,6
Trial    97,8,358,6
Trial    88,5,264,5
Trial    29,0,73,2
Trial    91,16,47,6
Trial    65,9,188,4
Trial    88,14,198,5
Trial     8,19,306,1
Trial    65,14,123,4
Trial    41,14,184,3
Trial    83,8,274,5
Trial     4,6,335,1
Trial    67,15,158,4
Trial    46,15,197,3
Trial    24,1,159,2
Trial    23,7,228,2
Trial    56,3,360,4
Trial    51,6,124,3
Trial     6,11,167,1
Trial    30,16,219,2
Trial     3,13,257,1
Trial    17,2,248,1
Trial    81,9,246,5
Trial     4,2,91,1
Trial    11,11,228,1
Trial     6,14,249,1
Trial   107,13,263,6
Trial    10,16,172,1
Trial     8,7,276,1
Trial    90,2,103,5
Trial    90,17,60,5
Trial    28,15,212,2
Trial    94,9,34,6
Trial   103,13,262,6
Trial    29,10,61,2
Trial    22,11,120,2
Trial    72,15,68,4
Trial    49,12,31,3
Trial    42,6,261,3
Trial    93,6,346,6
Trial    72,7,57,4
Trial    45,15,277,3
Trial     8,18,239,1
Trial    78,7,14,5
Trial    45,11,192,3
Trial    93,15,17,6
Trial     7,2,187,1
Trial    11,1,349,1
Trial     5,17,272,1
Trial    41,16,186,3
Trial    26,14,138,2
Trial    56,11,114,4
Trial     2,19,301,1
Trial     4,15,198,1
Trial    17,7,179,1
Trial    42,12,100,3
Trial    50,14,147,3
Trial    68,11,274,4
Trial    13,15,344,1
Trial    90,6,207,5
Trial    51,2,202,3
Trial    69,2,283,4
Trial    70,2,268,4
Trial    31,10,1,2
Trial    34,4,55,2
Trial    60,14,345,4
Trial    37,9,341,3
Trial    87,7,79,5
Trial    14,7,299,1
Trial    51,15,202,3
Trial    39,11,245,3
Trial    33,6,177,2
Trial    22,13,149,2
Trial    57,4,98,4
Trial    23,4,333,2
Trial    94,5,188,6
Trial     5,6,339,1
Trial    88,7,27,5
Trial    92,19,51,6
Trial    79,10,19,5
Trial    63,5,328,4
Trial    37,18,19,3
Trial    11,19,312,1
Trial    17,5,4,1
Trial   105,11,50,6
Trial    58,9,313,4
Trial    81,19,133,5
Trial    44,3,146,3
Trial    74,15,99,5
Trial   100,3,197,6
Trial    18,7,224,1
Trial    29,2,102,2
Trial    72,9,78,4
Trial    99,13,141,6
Trial    84,3,254,5
Trial    72,16,110,4
Trial     8,11,77,1
Trial    42,8,301,3
Trial   100,14,98,6
Trial   105,12,278,6
Trial    71,2,165,4
Trial   108,3,259,6
Trial    35,8,262,2
Trial    89,1,201,5
Trial    86,7,78,5
Trial    31,18,343,2
Trial    93,2,53,6
Trial    72,14,58,4
Trial    71,4,125,4
Trial    15,17,80,1
Trial    14,1,124,1
Trial    99,14,303,6
Trial    80,3,80,5
Trial    38,16,224,3
Trial    44,4,182,3
Trial    33,2,93,2
Trial    57,17,355,4
Trial    22,12,259,2
Trial    75,11,218,5
Trial    52,0,1,3
Trial    76,6,158,5
Trial    30,15,183,2
Trial    93,7,246,6
Trial    60,5,338,4
Trial    43,5,306,3
Trial    42,0,94,3
Trial    28,16,63,2
Trial     4,10,324,1
Trial    13,8,300,1
Trial    35,18,163,2
Trial    89,5,162,5
Trial     2,8,46,1
Trial   103,19,20,6
Trial    58,7,33,4
Trial   103,5,59,6
Trial    93,13,155,6
Trial    83,15,237,5
Trial    67,9,326,4
Trial    30,3,169,2
Trial    21,15,62,2
Trial    70,0,59,4
Trial   100,8,244,6
Trial    21,5,351,2
Trial    80,10,110,5
Trial    96,2,118,6
Trial    83,2,271,5
Trial    48,16,120,3
Trial    49,11,316,3
Trial    75,15,306,5
Trial    31,7,153,2
Trial    35,7,162,2
Trial     4,19,245,1
Trial    12,0,112,1
Trial    99,19,310,6
Trial    63,13,42,4
Trial    78,8,215,5
Trial    38,19,254,3
Trial    30,4,220,2
Trial    42,4,9,3
Trial    25,7,294,2
Trial    10,14,227,1
Trial    73,10,228,5
Trial    30,14,169,2
Trial    15,0,149,1
Trial     8,0,200,1
Trial    28,10,270,2
Trial    57,7,259,4
Trial    37,3,323,3
Trial   101,12,52,6
Trial    42,1,41,3
Trial    24,4,40,2
Trial    11,12,230,1
Trial     5,5,168,1
Trial    84,13,265,5
Trial    20,10,310,2
Trial    10,3,10,1
Trial    72,4,231,4
Trial    46,3,325,3
Trial    56,12,320,4
Trial    67,8,23,4
Trial    99,16,54,6
Trial    89,11,7,5
Trial    84,8,291,5
Trial    35,16,87,2
Trial    11,0,54,1
Trial     5,1,70,1
Trial    10,9,218,1
Trial    55,11,352,4
Trial    59,5,20,4
Trial    90,19,226,5
Trial    38,2,7,3
Trial    45,14,135,3
Trial    16,4,350,1
Trial    24,8,317,2
Trial    41,0,272,3
Trial    18,4,277,1
Trial    98,16,105,6
Trial     9,18,353,1
Trial    25,4,16,2
Trial    27,17,193,2
Trial    66,16,55,4
Trial   101,18,192,6
Trial    69,0,86,4
Trial    33,3,184,2
Trial    47,3,173,3
Trial    91,7,289,6
Trial    47,12,150,3
Trial    45,3,65,3
Trial    20,12,328,2
Trial    60,10,224,4
Trial    45,4,46,3
Trial   100,2,80,6
Trial    92,3,99,6
Trial    48,11,167,3
Trial    63,18,31,4
Trial    47,11,307,3
Trial    67,6,289,4
Trial    98,4,128,6
Trial   107,8,112,6
Trial    19,17,67,2
Trial    61,7,204,4
Trial   108,0,287,6
Trial    39,10,219,3
Trial    75,1,242,5
Trial    30,9,105,2
Trial     4,18,286,1
Trial    57,6,349,4
Trial    28,3,346,2
Trial    10,17,253,1
Trial    36,17,93,2
Trial    76,19,88,5
Trial     3,9,181,1
Trial    25,14,16,2
Trial    60,6,13,4
Trial    96,8,330,6
Trial    70,8,143,4
Trial    30,8,288,2
Trial     2,0,14,1
Trial    51,8,311,3
Trial   105,0,146,6
Trial    26,12,156,2
Trial     3,5,143,1
Trial    24,17,65,2
Trial    93,19,135,6
Trial   104,5,255,6
Trial    60,15,202,4
Trial   108,11,81,6
Trial    16,9,192,1
Trial    99,3,181,6
Trial    43,12,90,3
Trial    97,0,55,6
Trial    83,11,83,5
Trial    54,11,112,3
Trial    32,16,356,2
Trial    84,6,316,5
Trial    70,17,325,4
Trial    98,19,317,6
Trial    74,1,39,5
Trial    88,15,122,5
Trial    83,17,98,5
Trial    73,15,17,5
Trial    26,4,319,2
Trial    26,6,185,2
Trial    91,15,332,6
Trial     2,17,155,1
Trial    36,18,57,2
Trial    94,15,352,6
Trial    70,7,297,4
Trial    21,7,292,2
Trial    93,1,196,6
Trial    52,2,80,3
Trial    73,17,349,5
Trial    52,17,356,3
Trial    54,14,73,3
Trial    86,15,2,5
Trial    78,0,256,5
Trial    78,4,212,5
Trial    75,2,220,5
Trial    31,0,60,2
Trial   107,11,275,6
Trial    55,15,238,4
Trial    95,10,27,6
Trial    21,1,252,2
Trial    53,16,267,3
Trial    45,12,157,3
Trial    92,11,297,6
Trial    27,13,147,2
Trial    19,16,349,2
Trial    64,7,278,4
Trial    84,12,353,5
Trial    97,4,113,6
Trial    21,8,355,2
Trial    20,15,230,2
Trial    10,8,173,1
Trial    10,2,5,1
Trial    81,2,96,5
Trial    39,17,200,3
Trial    90,4,20,5
Trial    96,17,35,6
Trial    57,1,132,4
Trial    11,7,43,1
Trial    72,1,170,4
Trial    39,0,93,3
Trial    63,19,64,4
Trial    85,13,33,5
Trial    20,13,170,2
Trial    21,11,312,2
Trial    41,15,183,3
Trial    32,5,119,2
Trial     4,5,53,1
Trial    82,3,179,5
Trial    67,11,276,4
Trial    28,12,81,2
Trial   105,3,138,6
Trial    53,8,296,3
Trial    40,8,140,3
Trial    63,16,44,4
Trial    38,4,44,3
Trial    47,1,122,3
Trial    35,19,237,2
Trial    49,18,298,3
Trial    25,19,305,2
Trial    86,6,299,5
Trial    80,0,244,5
Trial    90,10,309,5
Trial    47,17,292,3
Trial     2,18,24,1
Trial    99,2,211,6
Trial    35,11,139,2
Trial    56,8,296,4
Trial    48,7,348,3
Trial     3,18,293,1
Trial    54,3,118,3
Trial    11,14,199,1
Trial   105,1,271,6
Trial    66,12,90,4
Trial    80,16,222,5
Trial    18,2,125,1
Trial    97,6,348,6
Trial    27,11,286,2
Trial    73,12,123,5
Trial    59,19,243,4
Trial    83,1,204,5
Trial    55,12,330,4
Trial    81,7,119,5
Trial    63,9,64,4
Trial    69,11,187,4
Trial    63,2,104,4
Trial    91,5,208,6
Trial   106,15,337,6
Trial    48,3,209,3
Trial    49,0,34,3
Trial    16,8,252,1
Trial    72,13,309,4
Trial    69,16,331,4
Trial    69,8,74,4
Trial    38,18,253,3
Trial    60,8,160,4
Trial   105,16,71,6
Trial    58,13,75,4
Trial    50,11,190,3
Trial    85,3,68,5
Trial    69,3,282,4
Trial    76,5,334,5
Trial    85,11,196,5
Trial    93,4,32,6
Trial    28,0,269,2
Trial    96,14,203,6
Trial   106,4,335,6
Trial    97,2,119,6
Trial    35,12,255,2
Trial    28,13,302,2
Trial    53,13,343,3
Trial    37,13,5,3
Trial   108,15,142,6
Trial    68,16,348,4
Trial    16,11,267,1
Trial    39,6,175,3
Trial    88,13,138,5
Trial    63,7,227,4
Trial    47,18,291,3
Trial    14,3,9,1
Trial    49,16,212,3
Trial    33,15,157,2
Trial    99,6,165,6
Trial    88,3,190,5
Trial    48,1,42,3
Trial   102,10,131,6
Trial   101,2,185,6
Trial    40,5,57,3
Trial    47,2,18,3
Trial    71,16,356,4
Trial    77,3,52,5
Trial    64,17,117,4
Trial    55,14,352,4
Trial    28,8,36,2
Trial    41,17,227,3
Trial    74,19,311,5
Trial    79,3,248,5
Trial    10,7,96,1
Trial    59,7,8,4
Trial    61,6,303,4
Trial    66,5,293,4
Trial    96,19,266,6
Trial    43,4,206,3
Trial    44,15,157,3
Trial    97,3,33,6
Trial    97,15,347,6
Trial    84,9,217,5
Trial   107,19,339,6
Trial    29,8,199,2
Trial    80,9,117,5
Trial    18,6,79,1
Trial   102,15,156,6
Trial     6,5,78,1
Trial    35,2,111,2
Trial    56,18,241,4
Trial     5,15,273,1
Trial    67,12,4,4
Trial    73,11,44,5
Trial    92,15,38,6
Trial    89,13,261,5
Trial    16,13,213,1
Trial    97,14,226,6
Trial   104,10,302,6
Trial    35,15,32,2
Trial    25,1,127,2
Trial    11,10,334,1
Trial     5,10,118,1
Trial    93,14,291,6
Trial    16,6,114,1
Trial    76,13,331,5
Trial    31,13,167,2
Trial    33,10,275,2
Trial    16,2,274,1
Trial    23,1,46,2
Trial    55,10,119,4
Trial    39,12,159,3
Trial    65,6,226,4
Trial    76,10,156,5
Trial     3,12,285,1
Trial    43,3,15,3
Trial    74,13,58,5
Trial    51,18,179,3
Trial    41,18,32,3
Trial    66,17,265,4
Trial    13,2,81,1
Trial    35,13,54,2
Trial    10,18,158,1
Trial    89,19,210,5
Trial    97,17,66,6
Trial    57,13,216,4
Trial     2,7,292,1
Trial    88,9,188,5
Trial    48,4,37,3
Trial    42,17,87,3
Trial     3,19,64,1
Trial    40,13,132,3
Trial    34,0,23,2
Trial    82,10,172,5
Trial    67,14,52,4
Trial    16,1,307,1
Trial    85,12,135,5
Trial   101,15,234,6
Trial    88,2,5,5
Trial    48,12,134,3
Trial    73,13,59,5
Trial    77,10,320,5
Trial    57,3,161,4
Trial    52,18,88,3
Trial    86,0,141,5
Trial    53,7,300,3
Trial    23,5,347,2
Trial    77,18,21,5
Trial    15,19,204,1
Trial    71,8,157,4
Trial    70,4,203,4
Trial   102,17,70,6
Trial    87,13,62,5
Trial    79,1,154,5
Trial    52,4,208,3
Trial    57,0,253,4
Trial    66,13,83,4
Trial    76,9,156,5
Trial    89,9,323,5
Trial    51,17,360,3
Trial    44,14,105,3
Trial   108,5,180,6
Trial    92,6,108,6
Trial    73,14,249,5
Trial   107,10,75,6
Trial    84,5,332,5
Trial    93,18,219,6
Trial    21,0,145,2
Trial    11,15,222,1
Trial    55,18,116,4
Trial    73,9,257,5
Trial    37,16,25,3
Trial    79,8,181,5
Trial    15,13,8,1
Trial    30,17,48,2
Trial    20,17,82,2
Trial     2,4,123,1
Trial    53,14,22,3
Trial    49,2,212,3
Trial    34,16,161,2
Trial    98,15,5,6
Trial    24,9,209,2
Trial    95,12,162,6
Trial    15,7,103,1
Trial     4,16,208,1
Trial    89,3,240,5
Trial    12,11,338,1
Trial    38,0,339,3
Trial    55,17,291,4
Trial   105,6,25,6
Trial    46,4,178,3
Trial    48,8,273,3
Trial    83,14,199,5
Trial    55,16,235,4
Trial    58,14,96,4
Trial    61,4,242,4
Trial    95,1,2,6
Trial    59,0,334,4
Trial    78,17,314,5
Trial    70,9,103,4
Trial    72,10,1,4
Trial    13,0,115,1
Trial    32,13,287,2
Trial     2,10,138,1
Trial    88,0,25,5
Trial    42,5,27,3
Trial    76,8,36,5
Trial    85,0,243,5
Trial     6,2,295,1
Trial    68,4,319,4
Trial    18,1,340,1
Trial    53,1,162,3
Trial    71,11,244,4
Trial    19,3,313,2
Trial   106,19,232,6
Trial    89,16,292,5
Trial     8,4,47,1
Trial    90,14,183,5
Trial    31,5,52,2
Trial    84,2,327,5
Trial    98,8,144,6
Trial    19,9,103,2
Trial    90,13,238,5
Trial    35,10,133,2
Trial    57,12,91,4
Trial    13,14,207,1
Trial    96,15,194,6
Trial    75,13,325,5
Trial    75,3,125,5
Trial    99,0,147,6
Trial    69,19,252,4
Trial    15,16,216,1
Trial    17,19,304,1
Trial    70,5,16,4
Trial    94,6,169,6
Trial    30,7,115,2
Trial    86,18,230,5
Trial    17,18,327,1
Trial    12,9,319,1
Trial    26,11,94,2
Trial    45,2,95,3
Trial    61,18,9,4
Trial    32,8,58,2
Trial    56,4,108,4
Trial    50,3,70,3
Trial    31,2,201,2
Trial   100,9,336,6
Trial    68,3,105,4
Trial    82,7,13,5
Trial    59,11,261,4
Trial    36,14,281,2
Trial    82,1,313,5
Trial    65,17,39,4
Trial    78,15,231,5
Trial     8,16,139,1
Trial    94,14,110,6
Trial    49,1,165,3
Trial    59,14,350,4
Trial    41,4,225,3
Trial    16,7,263,1
Trial   102,8,344,6
Trial    36,1,216,2
Trial    55,7,200,4
Trial    88,19,169,5
Trial    51,13,10,3
Trial    52,9,312,3
Trial   103,7,187,6
Trial    61,9,21,4
Trial     7,0,336,1
Trial    32,11,132,2
Trial    68,12,299,4
Trial    70,1,48,4
Trial    13,7,275,1
Trial    74,8,176,5
Trial    48,18,283,3
Trial    60,19,142,4
Trial    42,7,21,3
Trial     9,9,317,1
Trial    89,14,333,5
Trial    27,19,85,2
Trial    60,3,292,4
Trial    10,15,316,1
Trial    64,9,93,4
Trial    73,16,211,5
Trial     7,17,130,1
Trial    56,9,212,4
Trial   101,8,298,6
Trial    30,19,75,2
Trial    43,14,270,3
Trial    28,2,358,2
Trial    80,5,121,5
Trial    32,6,338,2
Trial    92,8,343,6
Trial    16,16,117,1
Trial    52,7,139,3
Trial    57,8,180,4
Trial   102,12,102,6
Trial    90,0,91,5
Trial    43,19,332,3
Trial    95,7,154,6
Trial    55,3,337,4
Trial     3,2,301,1
Trial    45,5,86,3
Trial    58,18,62,4
Trial    58,5,95,4
Trial    62,0,163,4
Trial    82,19,310,5
Trial    37,5,160,3
Trial    66,1,295,4
Trial    24,11,38,2
Trial    38,7,314,3
Trial     3,3,352,1
Trial    16,18,107,1
Trial    51,7,154,3
Trial    65,18,100,4
Trial    79,15,178,5
Trial    40,4,144,3
Trial    52,12,218,3
Trial    41,10,231,3
Trial    55,1,357,4
Trial    20,16,203,2
Trial    56,15,151,4
Trial    83,5,94,5
Trial    46,9,172,3
Trial   107,12,312,6
Trial    79,11,255,5
Trial   104,12,281,6
Trial    12,2,244,1
Trial    56,0,173,4
Trial    60,4,37,4
Trial    95,8,163,6
Trial    44,1,268,3
Trial    73,6,114,5
Trial    58,16,358,4
Trial    78,11,293,5
Trial    84,11,344,5
Trial    75,7,111,5
Trial    22,6,131,2
Trial   106,18,232,6
Trial    92,0,175,6
Trial    32,0,107,2
Trial    30,6,265,2
Trial     3,6,15,1
Trial    81,16,234,5
Trial    28,6,172,2
Trial    48,13,36,3
Trial    17,9,348,1
Trial    16,10,313,1
Trial     8,13,122,1
Trial    23,10,360,2
Trial    43,13,170,3
Trial    61,15,215,4
Trial     8,10,11,1
Trial    97,11,139,6
Trial    49,4,51,3
Trial    40,16,294,3
Trial    30,12,171,2
Trial    93,17,127,6
Trial    27,10,7,2
Trial    28,19,8,2
Trial    93,9,346,6
Trial    39,16,127,3
Trial    76,11,35,5
Trial    39,9,50,3
Trial    77,1,278,5
Trial     4,14,110,1
Trial    98,13,206,6
Trial   107,2,222,6
Trial    38,5,138,3
Trial    69,17,208,4
Trial    19,13,22,2
Trial    65,5,251,4
Trial    45,16,281,3
Trial    72,18,63,4
Trial    64,10,246,4
Trial    61,2,206,4
Trial    36,9,314,2
Trial    22,2,68,2
Trial    27,6,285,2
Trial    64,1,54,4
Trial    84,17,268,5
Trial    38,1,11,3
Trial    13,1,305,1
Trial    52,13,232,3
Trial     3,0,38,1
Trial    34,8,213,2
Trial     7,12,153,1
Trial    78,10,30,5
Trial    94,10,177,6
Trial    83,18,343,5
Trial    61,3,273,4
Trial    89,17,209,5
Trial    38,8,129,3
Trial    42,10,302,3
Trial     7,10,243,1
Trial     4,4,65,1
Trial   104,11,272,6
Trial    81,4,84,5
Trial    20,5,304,2
Trial    17,3,186,1
Trial    91,18,251,6
Trial    12,6,184,1
Trial   108,1,287,6
Trial    29,13,260,2
Trial    37,17,345,3
Trial    88,1,86,5
Trial    95,13,254,6
Trial    33,12,130,2
Trial    85,7,51,5
Trial    55,19,71,4
Trial    90,7,124,5
Trial    79,19,305,5
Trial    64,4,66,4
Trial    20,11,108,2
Trial    94,2,350,6
Trial    58,0,198,4
Trial    14,15,188,1
Trial   108,7,299,6
Trial    19,5,35,2
Trial     8,3,176,1
Trial    64,14,30,4
Trial    31,6,324,2
Trial    84,16,161,5
Trial    98,3,100,6
Trial    50,1,216,3
Trial     8,1,191,1
Trial    80,19,23,5
Trial     2,2,33,1
Trial   108,6,220,6
Trial    55,5,113,4
Trial    23,18,188,2
Trial    83,16,174,5
Trial    62,2,347,4
Trial    39,14,108,3
Trial    76,1,185,5
Trial   106,10,63,6
Trial    73,18,340,5
Trial    10,6,121,1
Trial    78,5,40,5
Trial    33,11,205,2
Trial    20,19,271,2
Trial     5,14,68,1
Trial    95,17,256,6
Trial    40,2,168,3
Trial    79,4,227,5
Trial     6,17,116,1
Trial    74,2,131,5
Trial   107,1,252,6
Trial    49,5,43,3
Trial    68,5,171,4
Trial   103,17,157,6
Trial    96,10,1,6
Trial    65,10,286,4
Trial    81,8,193,5
Trial    50,18,104,3
Trial   104,8,149,6
Trial    20,2,37,2
Trial    92,1,191,6
Trial   106,16,337,6
Trial    59,17,18,4
Trial    39,13,74,3
Trial    95,6,153,6
Trial    89,7,287,5
Trial    29,11,20,2
Trial     2,13,31,1
Trial    11,2,140,1
Trial     6,1,311,1
Trial    32,15,239,2
Trial    97,19,243,6
Trial    95,15,230,6
Trial    38,3,181,3
Trial    83,19,93,5
Trial    99,1,79,6
Trial    94,1,326,6
Trial    80,12,285,5
Trial    22,7,154,2
Trial    22,1,330,2
Trial    26,19,59,2
Trial   108,10,248,6
Trial   104,16,283,6
Trial    93,16,296,6
Trial     5,2,223,1
Trial   102,7,213,6
Trial    27,4,273,2
Trial    68,14,61,4
Trial    70,10,298,4
Trial    33,8,47,2
Trial    76,2,61,5
Trial    99,4,130,6
Trial    30,13,219,2
Trial    39,19,331,3
Trial    23,9,207,2
Trial    57,16,351,4
Trial    68,8,76,4
Trial    20,8,218,2
Trial    72,19,234,4
Trial   100,11,82,6
Trial    56,19,336,4
Trial   101,14,186,6
Trial    15,2,128,1
Trial    54,1,113,3
Trial    24,7,223,2
Trial     7,6,83,1
Trial    47,9,305,3
Trial    47,16,30,3
Trial    41,6,340,3
Trial   101,13,360,6
Trial    34,18,135,2
Trial    98,12,182,6
Trial    23,6,196,2
Trial    96,0,85,6
Trial    87,8,128,5
Trial    12,16,190,1
Trial    34,5,9,2
Trial    83,3,194,5
Trial    34,14,92,2
Trial    16,5,209,1
Trial    83,6,10,5
Trial    32,9,151,2
Trial    90,11,137,5
Trial    60,9,67,4
Trial    24,19,251,2
Trial    91,4,137,6
Trial    24,12,143,2
Trial    66,19,49,4
Trial    23,15,41,2
Trial    80,6,219,5
Trial    81,17,170,5
Trial    69,7,141,4
Trial    31,9,19,2
Trial    30,2,253,2
Trial    86,1,301,5
Trial    97,18,311,6
Trial    13,12,51,1
Trial    17,4,44,1
Trial    38,10,333,3
Trial    43,9,226,3
Trial    46,8,266,3
Trial    90,3,107,5
Trial    48,9,191,3
Trial    59,1,327,4
Trial    56,7,155,4
Trial   106,2,341,6
Trial    66,6,19,4
Trial   102,6,276,6
Trial    23,19,225,2
Trial    41,19,79,3
Trial    40,18,327,3
Trial    27,14,24,2
Trial    26,15,89,2
Trial    77,17,37,5
Trial    98,5,11,6
Trial    10,1,211,1
Trial    47,14,99,3
Trial   105,7,323,6
Trial    12,18,18,1
Trial    87,16,67,5
Trial   100,19,16,6
Trial    65,19,255,4
Trial    44,12,201,3
Trial    73,2,130,5
Trial    26,2,74,2
Trial     9,2,259,1
Trial    26,1,357,2
Trial    29,4,174,2
Trial    81,18,270,5
Trial     5,16,165,1
Trial    17,10,67,1
Trial    25,0,197,2
Trial    77,8,53,5
Trial    74,16,155,5
Trial   100,13,49,6
Trial    40,6,242,3
Trial     5,12,175,1
Trial    41,3,143,3
Trial    40,10,304,3
Trial    43,17,237,3
Trial    24,0,282,2
Trial    75,0,118,5
Trial    59,4,15,4
Trial    71,19,263,4
Trial     3,14,269,1
Trial    83,12,254,5
Trial     5,4,225,1
Trial    36,13,27,2
Trial    93,10,132,6
Trial    40,17,205,3
Trial    91,19,15,6
Trial    88,17,205,5
Trial    48,2,2,3
Trial   102,4,294,6
Trial    77,14,182,5
Trial    61,13,269,4
Trial    92,2,210,6
Trial    25,16,320,2
Trial    71,0,196,4
Trial    22,8,12,2
Trial   106,12,62,6
Trial    79,14,77,5
Trial    25,15,261,2
Trial    91,9,300,6
Trial    80,8,210,5
Trial    12,5,57,1
Trial    68,0,124,4
Trial    29,6,339,2
Trial    74,11,92,5
Trial    45,0,153,3
Trial    22,3,340,2
Trial    36,0,4,2
Trial    87,18,192,5
Trial    71,13,34,4
Trial    62,18,315,4
Trial    13,5,7,1
Trial    76,12,145,5
Trial    47,10,133,3
Trial    15,14,260,1
Trial    90,9,89,5
Trial    82,17,22,5
Trial    53,3,344,3
Trial    39,15,207,3
Trial    51,19,262,3
Trial    20,6,121,2
Trial    44,19,60,3
Trial    63,1,174,4
Trial    70,11,50,4
Trial    67,18,183,4
Trial    22,17,274,2
Trial    54,10,326,3
Trial    54,16,335,3
Trial   106,0,184,6
Trial    39,1,295,3
Trial    34,13,315,2
Trial    49,7,49,3
Trial   105,14,116,6
Trial   101,19,302,6
Trial   101,6,83,6
Trial    19,11,210,2
Trial    17,12,238,1
Trial    21,6,348,2
Trial    33,1,43,2
Trial    94,7,286,6
Trial    93,0,151,6
Trial    49,6,203,3
Trial    34,15,300,2
Trial    53,10,77,3
Trial    77,12,150,5
Trial    64,2,335,4
Trial   100,7,176,6
Trial    52,11,249,3
Trial   101,10,179,6
Trial    82,5,76,5
Trial    33,5,13,2
Trial    50,2,185,3
Trial     9,10,104,1
Trial    15,8,315,1
Trial   108,4,42,6
Trial    24,3,278,2
Trial    10,12,60,1
Trial    11,13,160,1
Trial   104,15,315,6
Trial    62,16,65,4
Trial   105,17,30,6
Trial    72,0,46,4
Trial    37,8,275,3
Trial    88,4,180,5
Trial    44,16,92,3
Trial    85,6,253,5
Trial    98,6,225,6
Trial     4,0,328,1
Trial    44,7,328,3
Trial    15,15,220,1
Trial    80,1,151,5
Trial    60,2,85,4
Trial    63,3,306,4
Trial    81,11,289,5
Trial    45,1,63,3
Trial     9,6,99,1
Trial    57,14,285,4
Trial    32,2,307,2
Trial    78,13,282,5
Trial    62,13,217,4
Trial    14,2,201,1
Trial   107,0,8,6
Trial    43,6,17,3
Trial    18,18,42,1
Trial    25,11,140,2
Trial     9,5,231,1
Trial    59,15,111,4
Trial    75,16,202,5
Trial    85,4,66,5
Trial    55,13,324,4
Trial   100,6,12,6
Trial    67,3,94,4
Trial    62,9,276,4
Trial    95,4,40,6
Trial    11,16,71,1
Trial     6,15,142,1
Trial   104,13,95,6
Trial    52,1,256,3
Trial    69,10,121,4
Trial    37,7,246,3
Trial    98,2,78,6
Trial    89,15,168,5
Trial    50,0,111,3
Trial     4,3,286,1
Trial    66,11,32,4
Trial    83,9,127,5
Trial    69,13,191,4
Trial    18,10,2,1
Trial    91,8,198,6
Trial    36,3,142,2
Trial    74,9,232,5
Trial    12,17,303,1
Trial    96,12,64,6
Trial   108,12,265,6
Trial    28,7,70,2
Trial    63,11,107,4
Trial    36,2,39,2
Trial    76,14,16,5
Trial    51,10,180,3
Trial    82,6,300,5
Trial   102,9,160,6
Trial    43,0,158,3
Trial    38,15,52,3
Trial    65,13,175,4
Trial    87,6,46,5
Trial    45,18,171,3
Trial    54,13,309,3
Trial    48,0,264,3
Trial     8,5,105,1
Trial    65,8,344,4
Trial   103,6,60,6
Trial    91,2,37,6
Trial    45,8,244,3
Trial    86,3,192,5
Trial    64,16,168,4
Trial    69,5,181,4
Trial    80,4,286,5
Trial    26,16,267,2
Trial    58,2,257,4
Trial    36,6,266,2
Trial    81,5,184,5
Trial    30,1,208,2
Trial   108,16,10,6
Trial    93,3,246,6
Trial    40,9,103,3
Trial    62,14,47,4
Trial    63,12,311,4
Trial    68,13,130,4
Trial    56,2,12,4
Trial    57,9,156,4
Trial   102,2,125,6
Trial    83,13,335,5
Trial    73,1,90,5
Trial    21,12,226,2
Trial    46,10,196,3
Trial    33,16,332,2
Trial    97,10,46,6
Trial     4,1,298,1
Trial    46,1,123,3
Trial     5,11,170,1
Trial    97,12,104,6
Trial    68,7,99,4
Trial    20,7,303,2
Trial   106,7,62,6
Trial    23,17,15,2
Trial    10,0,330,1
Trial    56,17,212,4
Trial    97,16,124,6
Trial    56,1,190,4
Trial    26,3,179,2
Trial    17,1,21,1
Trial     2,11,93,1
Trial    98,1,288,6
Trial    13,17,132,1
Trial    69,6,22,4
Trial     9,13,27,1
Trial    76,0,55,5
Trial    21,9,113,2
Trial    16,15,100,1
Trial    78,16,50,5
Trial    58,12,256,4
Trial    34,17,53,2
Trial    41,13,174,3
Trial   103,4,334,6
Trial    11,4,346,1
Trial    71,6,35,4
Trial     5,8,86,1
Trial     2,5,16,1
Trial    50,9,324,3
Trial     7,3,119,1
Trial     2,14,138,1
Trial    27,9,336,2
Trial    71,7,17,4
Trial    12,13,289,1
Trial   107,4,252,6
Trial    48,5,348,3
Trial    37,2,274,3
Trial    43,16,67,3
Trial    12,4,141,1
Trial    36,8,66,2
Trial    74,6,9,5
Trial    48,10,265,3
Trial    93,12,313,6
Trial    77,2,225,5
Trial    78,19,294,5
Trial    12,12,278,1
Trial    49,15,240,3
Trial    99,7,44,6
Trial    33,19,182,2
Trial    81,15,286,5
Trial    12,8,163,1
Trial   105,13,268,6
Trial   103,14,295,6
Trial     9,15,151,1
Trial    31,4,51,2
Trial    70,3,323,4
Trial   105,4,57,6
Trial    67,17,353,4
Trial    69,18,275,4
Trial    54,19,287,3
Trial    22,9,202,2
Trial     6,19,82,1
Trial    11,18,74,1
Trial    56,10,177,4
Trial    79,9,147,5
Trial    96,6,277,6
Trial     8,2,194,1
Trial    29,7,211,2
Trial   104,3,260,6
Trial    92,4,84,6
Trial   106,1,253,6
Trial    56,5,2,4
Trial   105,5,48,6
Trial    97,9,285,6
Trial    87,5,139,5
Trial    38,11,155,3
Trial    94,0,292,6
Trial     9,0,242,1
Trial    60,11,70,4
Trial    30,0,71,2
Trial    92,9,282,6
Trial    59,16,8,4
Trial    46,2,259,3
Trial    31,19,117,2
Trial   102,13,212,6
Trial    49,10,317,3
Trial    80,2,276,5
Trial   104,1,19,6
Trial    60,16,219,4
Trial    76,16,307,5
Trial    63,10,193,4
Trial    38,14,107,3
Trial    12,10,333,1
Trial    78,9,337,5
Trial    69,4,201,4
Trial    54,12,255,3
Trial    24,5,200,2
Trial    42,14,96,3
Trial    25,6,224,2
Trial    39,5,25,3
Trial    48,17,349,3
Trial    85,15,142,5
Trial    33,0,42,2
Trial    66,18,301,4
Trial   102,3,324,6
Trial    63,4,144,4
Trial    33,13,128,2
Trial   102,1,94,6
Trial    32,7,204,2
Trial    79,13,315,5
Trial    47,4,243,3
Trial   102,11,134,6
Trial    72,11,262,4
Trial    76,3,11,5
Trial    54,0,38,3
Trial    54,2,217,3
Trial    79,18,43,5
Trial    24,2,341,2
Trial   107,6,305,6
Trial    89,6,360,5
Trial    93,8,133,6
Trial    46,14,64,3
Trial    99,17,357,6
Trial    15,12,39,1
Trial    99,11,199,6
Trial    18,12,169,1
Trial    50,16,238,3
Trial    23,12,291,2
Trial    54,4,350,3
Trial    42,11,352,3
Trial    38,9,110,3
Trial    84,10,75,5
Trial     6,6,40,1
Trial    53,18,338,3
Trial    15,6,49,1
Trial    62,4,343,4
Trial    87,12,32,5
Trial    71,17,5,4
Trial    98,17,320,6
Trial    25,3,319,2
Trial    79,7,108,5
Trial    36,10,331,2
Trial    99,12,91,6
Trial    72,3,145,4
Trial   105,8,68,6
Trial    58,10,62,4
Trial    44,8,355,3
Trial    50,15,251,3
Trial    67,10,178,4
Trial    74,7,143,5
Trial    36,12,227,2
Trial     3,7,34,1
Trial    36,19,191,2
Trial    75,18,296,5
Trial    91,13,205,6
Trial    79,16,41,5
Trial    62,10,7,4
Trial    99,10,306,6
Trial    19,7,235,2
Trial   101,0,207,6
Trial    70,16,339,4
Trial    56,16,312,4
Trial    37,1,310,3
Trial     6,8,183,1
Trial    82,9,167,5
Trial    66,0,222,4
Trial    52,5,213,3
Trial    62,8,140,4
Trial    57,2,14,4
Trial    87,2,358,5
Trial    69,12,186,4
Trial    81,10,269,5
Trial    65,0,129,4
Trial   106,13,63,6
Trial   104,14,61,6
Trial    80,14,4,5
Trial    22,14,297,2
Trial    10,11,251,1
Trial    17,8,127,1
Trial    34,11,231,2
Trial     8,12,95,1
Trial    18,14,271,1
Trial   100,16,249,6
Trial    86,10,153,5
Trial    47,13,24,3
Trial     8,6,85,1
Trial    56,13,237,4
Trial    44,17,58,3
Trial    57,5,209,4
Trial    67,7,304,4
Trial    14,5,150,1
Trial    26,9,327,2
Trial   100,10,122,6
Trial   104,6,31,6
Trial    24,16,254,2
Trial    35,3,241,2
Trial    74,14,165,5
Trial    87,17,203,5
Trial    63,17,159,4
Trial    24,10,248,2
Trial    94,13,87,6
Trial    55,2,149,4
Trial    37,12,33,3
Trial   100,1,92,6
Trial    94,19,273,6
Trial    13,10,185,1
Trial     5,19,23,1
Trial    23,14,88,2
Trial    38,17,78,3
Trial   105,2,172,6
Trial    85,2,328,5
Trial    66,15,218,4
Trial     2,1,154,1
Trial     7,4,89,1
Trial    26,7,79,2
Trial    88,11,54,5
Trial    92,16,111,6
Trial    37,11,314,3
Trial    26,10,173,2
Trial    30,11,326,2
Trial    30,18,246,2
Trial    54,18,59,3
Trial    95,18,215,6
Trial    64,12,316,4
Trial    50,17,131,3
Trial    80,7,42,5
Trial    79,6,112,5
Trial    14,0,332,1
Trial     7,7,161,1
Trial    83,7,283,5
Trial    79,12,116,5
Trial    70,15,239,4
Trial    26,17,198,2
Trial    82,2,216,5
Trial    70,19,270,4
Trial     9,4,356,1
Trial    34,19,18,2
Trial    49,17,188,3
Trial    50,7,263,3
Trial    77,7,347,5
Trial    26,8,80,2
Trial    64,11,176,4
Trial     9,3,261,1
Trial     2,12,210,1
Trial    24,15,76,2
Trial    68,9,287,4
Trial    95,0,121,6
Trial    71,1,230,4
Trial    14,6,36,1
Trial    13,18,281,1
Trial    74,3,252,5
Trial    84,4,1,5
Trial    29,18,232,2
Trial    78,2,157,5
Trial    46,11,115,3
Trial    64,5,102,4
Trial    95,9,245,6
Trial     4,17,345,1
Trial    71,3,162,4
Trial    16,0,13,1
Trial    90,8,302,5
Trial    79,2,206,5
Trial    62,5,81,4
Trial    32,1,272,2
Trial    59,12,223,4
Trial    14,10,325,1
Trial    32,4,146,2
Trial    27,16,83,2
Trial    67,5,228,4
Trial    20,9,30,2
Trial    63,0,197,4
Trial    80,18,73,5
Trial    23,13,187,2
Trial   104,9,114,6
Trial    37,14,98,3
Trial    51,0,20,3
Trial    99,8,293,6
Trial    74,10,120,5
Trial    11,17,234,1
Trial    11,6,135,1
Trial    33,18,137,2
Trial    42,2,220,3
Trial    50,4,299,3
Trial    39,8,351,3
Trial    95,14,65,6
Trial    61,11,340,4
Trial    63,14,118,4
Trial    67,16,77,4
Trial    85,9,356,5
Trial   102,18,327,6
Trial    66,10,169,4
Trial    41,9,336,3
Trial   107,14,216,6
Trial    73,5,48,5
Trial    60,7,112,4
Trial    81,0,49,5
Trial    23,8,215,2
Trial    96,9,143,6
Trial    58,4,207,4
Trial     3,4,37,1
Trial    59,3,138,4
Trial    44,10,116,3
Trial    18,16,309,1
Trial   108,19,201,6
Trial    68,17,53,4
Trial    97,7,67,6
Trial    41,1,198,3
Trial   106,6,253,6
Trial    27,12,175,2
Trial    91,11,228,6
Trial    20,4,124,2
Trial    43,8,71,3
Trial    67,4,245,4
Trial    28,5,99,2
Trial    96,18,231,6
Trial    75,19,266,5
Trial    78,6,146,5
Trial    14,19,254,1
Trial    45,9,353,3
Trial    25,8,98,2
Trial    88,8,213,5
Trial    82,16,63,5
Trial    14,12,157,1
Trial    61,5,205,4
Trial    92,17,242,6
Trial    34,12,238,2
Trial    67,2,51,4
Trial    81,6,224,5
Trial    26,13,234,2
Trial    75,6,275,5
Trial    45,17,39,3
Trial   102,19,274,6
Trial    68,2,43,4
Trial    60,13,182,4
Trial    84,1,277,5
Trial    53,6,347,3
Trial    14,16,219,1
Trial    75,14,102,5
Trial    57,15,139,4
Trial    36,15,114,2
Trial    31,3,50,2
Trial    43,11,151,3
Trial    37,6,239,3
Trial   106,9,120,6
Trial    15,18,52,1
Trial    94,16,328,6
Trial    51,5,278,3
Trial    45,19,135,3
Trial    83,10,70,5
Trial    61,0,153,4
Trial     8,15,38,1
Trial    59,9,60,4
Trial    46,6,142,3
Trial    14,8,59,1
Trial    52,10,83,3
Trial     9,7,331,1
Trial   102,0,200,6
Trial    88,16,348,5
Trial   108,2,42,6
Trial    23,0,2,2
Trial    66,14,310,4
Trial   104,7,301,6
Trial    15,9,360,1
Trial    92,18,108,6
Trial    66,8,333,4
Trial    76,4,88,5
Trial    16,17,291,1
Trial     9,8,20,1
Trial    32,19,299,2
Trial    74,0,345,5
Trial    19,4,293,2
Trial    98,10,270,6
Trial    73,19,18,5
Trial    27,15,5,2
Trial    65,11,179,4
Trial     8,8,196,1
Trial    22,16,77,2
Trial    97,13,235,6
Trial    21,14,134,2
Trial    19,15,118,2
Trial   103,2,76,6
Trial    66,9,131,4
Trial    72,2,240,4
Trial     3,16,94,1
Trial    45,13,211,3
Trial    37,4,23,3
Trial    83,0,171,5
Trial    51,11,75,3
Trial    99,5,115,6
Trial    51,4,117,3
Trial    19,1,190,2
Trial    95,5,103,6
Trial     8,17,212,1
Trial    41,8,210,3
Trial    33,14,352,2
Trial    53,4,61,3
Trial    53,0,8,3
Trial    12,3,264,1
Trial    82,15,47,5
Trial    60,0,25,4
Trial    14,11,178,1
Trial    64,0,36,4
Trial    64,18,305,4
Trial    55,6,271,4
Trial    78,18,262,5
Trial     8,9,17,1
Trial     4,11,110,1
Trial   103,12,7,6
Trial    71,5,127,4
Trial    58,1,254,4
Trial    72,6,122,4
Trial    26,0,165,2
Trial    15,5,341,1
Trial    68,1,80,4
Trial    78,3,272,5
Trial    22,4,243,2
Trial    16,19,147,1
Trial    42,9,35,3
Trial    64,6,27,4
Trial    82,12,15,5
Trial    61,8,267,4
Trial   101,3,150,6
Trial    44,5,289,3
Trial    89,4,183,5
Trial    89,8,346,5
Trial    49,9,161,3
Trial    72,5,220,4
Trial    78,14,326,5
Trial    29,12,14,2
Trial    96,13,292,6
Trial    50,12,121,3
Trial    28,11,186,2
Trial    36,4,337,2
Trial    97,1,21,6
Trial    90,1,34,5
Trial    54,8,334,3
Trial    79,5,223,5
Trial    61,10,269,4
Trial    59,13,225,4
Trial     7,16,92,1
Trial    75,9,338,5
Trial    62,1,307,4
Trial    40,7,286,3
Trial    65,16,184,4
Trial     5,13,137,1
Trial    96,4,202,6
Trial    17,13,19,1
Trial    20,3,344,2
Trial    65,2,11,4
Trial    20,1,180,2
Trial    88,10,149,5
Trial    96,5,340,6
Trial    44,0,289,3
Trial   103,8,107,6
Trial    44,9,105,3
Trial    28,14,116,2
Trial    64,8,79,4
Trial    79,17,208,5
Trial    82,11,339,5
Trial   107,18,217,6
Trial     9,16,343,1
Trial    71,10,167,4
Trial    22,0,256,2
Trial     6,13,297,1
Trial    54,17,320,3
Trial    12,19,203,1
Trial    21,18,244,2
Trial    49,13,188,3
Trial    12,15,302,1
Trial    16,12,294,1
Trial     3,1,32,1
Trial    91,17,93,6
Trial    81,13,191,5
Trial    46,18,303,3
Trial    94,11,170,6
Trial    25,10,91,2
Trial   106,17,241,6
Trial    37,15,84,3
Trial    46,19,252,3
Trial    53,5,248,3
Trial    52,14,13,3
Trial   102,16,355,6
Trial    77,0,259,5
Trial     9,12,255,1
Trial    84,7,160,5
Trial    45,6,46,3
Trial    12,14,319,1
Trial    86,12,304,5
Trial    31,1,306,2
Trial    41,7,230,3
Trial    73,8,317,5
Trial    65,3,199,4
Trial    19,8,316,2
Trial   107,17,204,6
Trial    79,0,132,5
Trial    92,10,349,6
Trial   100,18,209,6
Trial    35,9,323,2
Trial     5,3,87,1
Trial    29,5,100,2
Trial    95,2,123,6
Trial    38,13,54,3
Trial    57,18,332,4
Trial    46,7,177,3
Trial    87,10,104,5
Trial    39,4,319,3
Trial    61,19,288,4
Trial    89,12,95,5
Trial   106,5,193,6
Trial    71,9,154,4
Trial    53,2,130,3
Trial    20,0,350,2
Trial    91,0,325,6
Trial    91,12,251,6
Trial    31,16,176,2
Trial    25,9,206,2
Trial   108,8,351,6
Trial     4,7,22,1
Trial    15,3,30,1
Trial    10,19,25,1
Trial    43,10,66,3
Trial    75,4,65,5
Trial    88,12,81,5
Trial    92,13,174,6
Trial    40,3,140,3
Trial    47,0,4,3
Trial    57,10,302,4
Trial    23,11,268,2
Trial     6,12,111,1
Trial    21,10,10,2
Trial    95,11,257,6
Trial    92,12,218,6
Trial    39,2,68,3
Trial    89,2,352,5
Trial    17,0,58,1
Trial    71,12,133,4
Trial    19,19,78,2
Trial    33,4,158,2
Trial     6,16,156,1
Trial    64,15,172,4
Trial    76,18,16,5
Trial    21,16,44,2
Trial    90,12,85,5
Trial    77,15,31,5
Trial    53,9,169,3
Trial    25,12,298,2
Trial    61,14,9,4
Trial    12,7,265,1
Trial    29,1,295,2
Trial    50,10,62,3
Trial    42,19,82,3
Trial    90,16,312,5
Trial   101,5,237,6
Trial    62,3,89,4
Trial    76,17,145,5
Trial    15,10,197,1
Trial    84,0,159,5
Trial    68,15,314,4
Trial    53,15,330,3
Trial    17,11,162,1
Trial    43,7,282,3
Trial    84,14,24,5
Trial    77,4,144,5
Trial    63,15,300,4
Trial     3,17,1,1
Trial   104,18,145,6
Trial    34,3,296,2
Trial    11,3,12,1
Trial    32,18,249,2
Trial    66,4,281,4
Trial    27,3,311,2
Trial    57,11,232,4
Trial    80,15,187,5
Trial    48,15,315,3
Trial    23,16,335,2
Trial     4,8,90,1
Trial    74,4,163,5
Trial    83,4,57,5
Trial    47,19,285,3
Trial    31,11,96,2
Trial    32,3,283,2
Trial    39,3,313,3
Trial    82,13,113,5
Trial     2,6,246,1
Trial    32,17,64,2
Trial    24,14,222,2
Trial    51,3,119,3
Trial   103,9,173,6
Trial    20,18,155,2
Trial     5,18,337,1
Trial    87,0,273,5
Trial    29,17,181,2
Trial    51,9,128,3
Trial    34,2,168,2
Trial   103,16,74,6
Trial    34,1,125,2
Trial    10,13,287,1
Trial     6,0,226,1
Trial    42,16,40,3
Trial    25,17,86,2
Trial    49,3,194,3
Trial    92,14,261,6
Trial    80,17,8,5
Trial   108,9,227,6
Trial    75,12,357,5
Trial    55,0,192,4
Trial    30,10,263,2
Trial    43,15,141,3
Trial    61,16,73,4
Trial    60,18,185,4
Trial    18,9,41,1
Trial     8,14,55,1
Trial     6,10,358,1
Trial    60,1,260,4
Trial    78,12,324,5
Trial    82,4,113,5
Trial    44,6,276,3
Trial    75,10,129,5
Trial    29,15,33,2
